observation_idx,ensemble_std
0,45.8257569495584
1,46.647615158762406
2,48.0
3,46.647615158762406
4,48.53864439804639
5,49.63869458396343
6,44.8998886412873
7,34.698703145794944
8,30.0
9,28.0
10,40.049968789001575
11,32.49615361854384
12,31.04834939252005
13,28.0
14,45.8257569495584
15,46.647615158762406
16,38.41874542459709
17,41.42463035441596
18,45.8257569495584
19,34.698703145794944
20,34.698703145794944
21,34.40930106817051
22,24.413111231467404
23,34.698703145794944
24,31.559467676119
25,34.698703145794944
26,19.595917942265423
27,27.129319932501073
28,34.698703145794944
29,14.0
30,30.0
31,32.49615361854384
32,36.66060555964672
33,30.0
34,28.0
35,38.41874542459709
36,40.0
37,36.66060555964672
38,32.49615361854384
39,24.413111231467404
40,36.66060555964672
41,38.157568056677825
42,36.66060555964672
43,38.41874542459709
44,41.42463035441596
45,47.37087712930804
46,48.53864439804639
47,48.53864439804639
48,40.0
49,28.0
50,28.0
51,23.748684174075834
52,44.8998886412873
53,30.0
54,32.49615361854384
55,30.0
56,30.0
57,23.748684174075834
58,19.595917942265423
59,36.66060555964672
60,48.0
61,48.98979485566356
62,46.647615158762406
63,42.708313008125245
64,42.708313008125245
65,46.647615158762406
66,49.63869458396343
67,36.66060555964672
68,14.0
69,27.129319932501073
70,14.0
71,23.748684174075834
72,40.0
73,38.41874542459709
74,40.0
75,40.0
76,43.86342439892262
77,30.0
78,38.41874542459709
79,24.413111231467404
80,19.595917942265423
81,23.748684174075834
82,24.413111231467404
83,24.413111231467404
84,28.0
85,19.595917942265423
86,23.748684174075834
87,32.49615361854384
88,27.129319932501073
89,32.49615361854384
90,32.49615361854384
91,14.0
92,14.0
93,19.595917942265423
94,19.595917942265423
95,14.0
96,36.66060555964672
97,27.129319932501073
98,14.0
99,19.595917942265423
100,19.595917942265423
101,40.0
102,48.0
103,14.0
104,14.0
105,27.129319932501073
106,14.0
107,19.595917942265423
108,27.129319932501073
109,19.595917942265423
110,56.568542494923804
111,42.708313008125245
112,49.35585071701227
113,48.98979485566356
114,47.37087712930804
115,50.0
116,44.8998886412873
117,52.0
118,56.88585061331157
119,54.55272678794342
120,48.33218389437829
121,46.51881339845203
122,51.73006862551025
123,52.191953402799555
124,48.98979485566356
125,52.49761899362675
126,54.55272678794342
127,53.70288632839021
128,53.85164807134504
129,48.98979485566356
130,38.41874542459709
131,32.49615361854384
132,27.129319932501073
133,30.0
134,50.15974481593781
135,54.258639865002145
136,53.25410782277739
137,58.68560300448484
138,52.0
139,53.70288632839021
140,56.88585061331157
141,49.839743177508446
142,53.70288632839021
143,50.635955604688654
144,46.51881339845203
145,46.0
146,50.0
147,50.75431016179808
148,57.445626465380286
149,48.98979485566356
150,50.0
151,48.2078831727758
152,51.22499389946279
153,47.49736834815167
154,52.49761899362675
155,56.88585061331157
156,48.0
157,48.53864439804639
158,54.4426303552648
159,41.7612260356422
160,54.4426303552648
161,47.49736834815167
162,52.952809179494906
163,58.957611891934704
164,60.959002616512684
165,50.635955604688654
166,53.85164807134504
167,64.03124237432849
168,14.0
169,23.748684174075834
170,23.748684174075834
171,38.41874542459709
172,34.698703145794944
173,42.708313008125245
174,36.66060555964672
175,36.66060555964672
176,44.8998886412873
177,32.49615361854384
178,43.86342439892262
179,36.66060555964672
180,36.66060555964672
181,23.748684174075834
182,23.748684174075834
183,23.748684174075834
184,23.748684174075834
185,23.748684174075834
186,27.129319932501073
187,30.0
188,27.129319932501073
189,27.129319932501073
190,27.129319932501073
191,27.129319932501073
192,23.748684174075834
193,23.748684174075834
194,23.748684174075834
195,27.129319932501073
196,27.129319932501073
197,23.748684174075834
198,14.0
199,19.595917942265423
200,27.129319932501073
201,24.413111231467404
202,27.129319932501073
203,23.748684174075834
204,23.748684174075834
205,23.748684174075834
206,23.748684174075834
207,14.0
208,14.0
209,19.595917942265423
210,30.0
211,14.0
212,19.595917942265423
213,14.0
214,23.748684174075834
215,14.0
216,41.7612260356422
217,49.63869458396343
218,49.839743177508446
219,50.0
220,40.0
221,41.23105625617661
222,46.647615158762406
223,41.42463035441596
224,28.0
225,31.559467676119
226,32.49615361854384
227,40.0
228,36.66060555964672
229,34.698703145794944
230,30.0
231,42.708313008125245
232,44.8998886412873
233,43.86342439892262
234,49.839743177508446
235,48.98979485566356
236,45.8257569495584
237,43.86342439892262
238,41.42463035441596
239,34.698703145794944
240,41.42463035441596
241,41.42463035441596
242,32.49615361854384
243,19.595917942265423
244,32.49615361854384
245,34.698703145794944
246,34.698703145794944
247,49.35585071701227
248,44.8998886412873
249,45.8257569495584
250,45.8257569495584
251,46.647615158762406
252,47.37087712930804
253,36.66060555964672
254,38.41874542459709
255,36.66060555964672
256,40.0
257,47.37087712930804
258,46.647615158762406
259,40.0
260,32.49615361854384
261,30.0
262,27.129319932501073
263,23.748684174075834
264,43.86342439892262
265,44.8998886412873
266,40.0
267,43.86342439892262
268,41.42463035441596
269,46.647615158762406
270,36.66060555964672
271,48.53864439804639
272,49.35585071701227
273,49.839743177508446
274,24.413111231467404
275,27.129319932501073
276,27.129319932501073
277,32.49615361854384
278,19.595917942265423
279,23.748684174075834
280,23.748684174075834
281,27.129319932501073
282,19.595917942265423
283,30.0
284,27.129319932501073
285,27.129319932501073
286,34.698703145794944
287,30.0
288,14.0
289,14.0
290,46.647615158762406
291,44.8998886412873
292,36.66060555964672
293,32.49615361854384
294,34.698703145794944
295,30.0
296,19.595917942265423
297,19.595917942265423
298,19.595917942265423
299,19.595917942265423
300,23.748684174075834
301,49.35585071701227
302,48.53864439804639
303,49.35585071701227
304,48.53864439804639
305,48.53864439804639
306,30.0
307,44.8998886412873
308,49.839743177508446
309,47.37087712930804
310,49.35585071701227
311,50.0
312,38.41874542459709
313,49.35585071701227
314,49.839743177508446
315,43.86342439892262
316,43.86342439892262
317,47.37087712930804
318,48.53864439804639
319,49.35585071701227
320,47.37087712930804
321,49.35585071701227
322,36.66060555964672
323,44.8998886412873
324,41.42463035441596
325,32.49615361854384
326,36.66060555964672
327,32.49615361854384
328,30.0
329,34.698703145794944
330,36.932370625238775
331,40.0
332,38.41874542459709
333,33.704599092705436
334,31.559467676119
335,40.049968789001575
336,37.36308338453881
337,42.708313008125245
338,45.8257569495584
339,44.8998886412873
340,43.86342439892262
341,43.86342439892262
342,47.37087712930804
343,49.95998398718719
344,46.647615158762406
345,44.8998886412873
346,42.708313008125245
347,43.86342439892262
348,44.8998886412873
349,40.049968789001575
350,49.839743177508446
351,47.37087712930804
352,43.86342439892262
353,41.42463035441596
354,42.708313008125245
355,46.647615158762406
356,34.698703145794944
357,34.698703145794944
358,38.157568056677825
359,44.8998886412873
360,42.708313008125245
361,43.31281565541543
362,38.41874542459709
363,38.157568056677825
364,34.40930106817051
365,38.41874542459709
366,36.66060555964672
367,36.05551275463989
368,36.05551275463989
369,39.191835884530846
370,38.41874542459709
371,39.191835884530846
372,38.157568056677825
373,36.05551275463989
374,41.42463035441596
375,42.708313008125245
376,38.41874542459709
377,36.05551275463989
378,41.42463035441596
379,44.8998886412873
380,43.86342439892262
381,41.42463035441596
382,37.36308338453881
383,34.40930106817051
384,31.04834939252005
385,36.66060555964672
386,38.157568056677825
387,39.191835884530846
388,39.191835884530846
389,30.0
390,34.40930106817051
391,41.23105625617661
392,41.7612260356422
393,34.40930106817051
394,40.0
395,24.413111231467404
396,36.66060555964672
397,38.157568056677825
398,45.8257569495584
399,42.708313008125245
400,30.0
401,36.932370625238775
402,34.40930106817051
403,31.04834939252005
404,27.129319932501073
405,38.41874542459709
406,43.86342439892262
407,41.42463035441596
408,34.698703145794944
409,41.42463035441596
410,23.748684174075834
411,50.0
412,49.95998398718719
413,49.95998398718719
414,36.66060555964672
415,14.0
416,41.42463035441596
417,44.8998886412873
418,45.8257569495584
419,49.63869458396343
420,49.839743177508446
421,48.98979485566356
422,46.647615158762406
423,45.8257569495584
424,49.63869458396343
425,49.35585071701227
426,50.0
427,49.839743177508446
428,42.708313008125245
429,49.95998398718719
430,42.708313008125245
431,48.98979485566356
432,37.36308338453881
433,40.0
434,40.049968789001575
435,37.36308338453881
436,33.704599092705436
437,49.63869458396343
438,34.698703145794944
439,44.0
440,54.258639865002145
441,49.63869458396343
442,50.0
443,49.95998398718719
444,48.53864439804639
445,34.698703145794944
446,19.595917942265423
447,19.595917942265423
448,19.595917942265423
449,14.0
450,43.86342439892262
451,30.0
452,14.0
453,23.748684174075834
454,34.698703145794944
455,30.0
456,36.66060555964672
457,30.0
458,38.41874542459709
459,48.0
460,43.86342439892262
461,27.129319932501073
462,27.129319932501073
463,27.129319932501073
464,27.129319932501073
465,30.0
466,32.49615361854384
467,32.49615361854384
468,23.748684174075834
469,40.0
470,27.129319932501073
471,50.0
472,52.76362383309168
473,54.55272678794342
474,60.13318551349163
475,60.8276253029822
476,47.37087712930804
477,52.49761899362675
478,44.8998886412873
479,48.0
480,42.708313008125245
481,30.0
482,14.0
483,0.0
484,14.0
485,0.0
486,0.0
487,49.63869458396343
488,45.8257569495584
489,50.438080851673966
490,53.25410782277739
491,58.1033561853358
492,56.178287620752556
493,0.0
494,0.0
495,0.0
496,56.60388679233962
497,57.445626465380286
498,52.76362383309168
499,56.568542494923804
500,36.66060555964672
501,14.0
502,14.0
503,50.75431016179808
504,58.27520913733386
505,56.178287620752556
506,49.35585071701227
507,0.0
508,14.0
509,19.595917942265423
510,27.129319932501073
511,0.0
512,30.0
513,27.129319932501073
514,38.41874542459709
515,41.42463035441596
516,68.23488843692792
517,60.0
518,53.85164807134504
519,63.245553203367585
520,32.49615361854384
521,55.89275444992848
522,23.748684174075834
523,49.839743177508446
524,49.63869458396343
525,48.98979485566356
526,46.647615158762406
527,68.73136110975832
528,58.68560300448484
529,52.91502622129181
530,34.698703145794944
531,30.0
532,42.708313008125245
533,48.98979485566356
534,50.15974481593781
535,50.0
536,47.70744176750625
537,44.8998886412873
538,40.0
539,36.66060555964672
540,38.41874542459709
541,34.698703145794944
542,30.0
543,23.748684174075834
544,23.748684174075834
545,23.748684174075834
546,23.748684174075834
547,23.748684174075834
548,47.37087712930804
549,19.595917942265423
550,49.63869458396343
551,48.53864439804639
552,43.86342439892262
553,45.8257569495584
554,45.8257569495584
555,14.0
556,23.748684174075834
557,19.595917942265423
558,14.0
559,30.0
560,19.595917942265423
561,14.0
562,19.595917942265423
563,14.0
564,0.0
565,14.0
566,19.595917942265423
567,48.53864439804639
568,0.0
569,14.0
570,14.0
571,30.0
572,34.698703145794944
573,32.49615361854384
574,30.0
575,38.41874542459709
576,34.698703145794944
577,32.49615361854384
578,32.49615361854384
579,32.49615361854384
580,27.129319932501073
581,27.129319932501073
582,14.0
583,27.129319932501073
584,43.86342439892262
585,38.41874542459709
586,32.49615361854384
587,19.595917942265423
588,30.0
589,38.41874542459709
590,27.129319932501073
591,44.8998886412873
592,42.708313008125245
593,41.42463035441596
594,45.8257569495584
595,43.86342439892262
596,46.647615158762406
597,34.40930106817051
598,38.157568056677825
599,48.0
600,48.53864439804639
601,49.95998398718719
602,49.95998398718719
603,49.95998398718719
604,48.98979485566356
605,43.86342439892262
606,46.647615158762406
607,34.698703145794944
608,49.35585071701227
609,42.708313008125245
610,46.647615158762406
611,41.42463035441596
612,34.698703145794944
613,42.708313008125245
614,38.41874542459709
615,47.37087712930804
616,38.41874542459709
617,38.41874542459709
618,38.41874542459709
619,32.49615361854384
620,31.559467676119
621,41.42463035441596
622,36.66060555964672
623,32.49615361854384
624,28.0
625,28.0
626,31.559467676119
627,36.66060555964672
628,27.129319932501073
629,30.0
630,30.0
631,34.698703145794944
632,40.0
633,23.748684174075834
634,48.0
635,49.839743177508446
636,49.95998398718719
637,49.35585071701227
638,33.704599092705436
639,48.0
640,30.0
641,49.839743177508446
642,48.53864439804639
643,43.86342439892262
644,42.708313008125245
645,49.35585071701227
646,43.86342439892262
647,46.3033476111609
648,49.95998398718719
649,52.0
650,44.54211490264017
651,53.25410782277739
652,51.73006862551025
653,55.89275444992848
654,53.0659966456864
655,50.15974481593781
656,39.7994974842648
657,47.49736834815167
658,49.63869458396343
659,53.51635264103861
660,53.81449618829484
661,52.191953402799555
662,52.0
663,53.85164807134504
664,44.54211490264017
665,49.839743177508446
666,49.63869458396343
667,49.95998398718719
668,47.37087712930804
669,47.37087712930804
670,49.63869458396343
671,49.35585071701227
672,48.0
673,46.647615158762406
674,49.95998398718719
675,43.86342439892262
676,43.86342439892262
677,46.647615158762406
678,46.647615158762406
679,47.15930449020638
680,45.8257569495584
681,48.98979485566356
682,46.0
683,44.0
684,36.05551275463989
685,42.37924020083418
686,50.75431016179808
687,49.63869458396343
688,53.85164807134504
689,46.861498055439924
690,51.536394906900505
691,56.7097875150313
692,44.54211490264017
693,44.54211490264017
694,50.438080851673966
695,39.191835884530846
696,40.0
697,46.0
698,47.15930449020638
699,40.0
700,43.31281565541543
701,43.86342439892262
702,48.98979485566356
703,45.8257569495584
704,45.8257569495584
705,58.1033561853358
706,51.73006862551025
707,52.91502622129181
708,53.85164807134504
709,49.35585071701227
710,49.35585071701227
711,53.81449618829484
712,51.419840528729765
713,48.53864439804639
714,53.85164807134504
715,49.35585071701227
716,54.4426303552648
717,51.22499389946279
718,48.53864439804639
719,52.306787322488084
720,49.63869458396343
721,54.258639865002145
722,48.53864439804639
723,48.0
724,45.8257569495584
725,44.8998886412873
726,46.647615158762406
727,48.53864439804639
728,48.0
729,45.8257569495584
730,32.49615361854384
731,48.98979485566356
732,50.75431016179808
733,49.95998398718719
734,49.95998398718719
735,45.8257569495584
736,48.0
737,48.53864439804639
738,48.98979485566356
739,48.98979485566356
740,30.0
741,41.42463035441596
742,46.647615158762406
743,47.37087712930804
744,48.98979485566356
745,44.8998886412873
746,49.95998398718719
747,49.63869458396343
748,46.647615158762406
749,49.95998398718719
750,43.86342439892262
751,46.647615158762406
752,49.839743177508446
753,46.647615158762406
754,45.8257569495584
755,44.8998886412873
756,44.8998886412873
757,43.86342439892262
758,31.04834939252005
759,40.049968789001575
760,42.708313008125245
761,40.0
762,41.7612260356422
763,32.49615361854384
764,49.63869458396343
765,47.37087712930804
766,46.51881339845203
767,43.86342439892262
768,43.31281565541543
769,43.31281565541543
770,41.7612260356422
771,40.049968789001575
772,34.40930106817051
773,34.40930106817051
774,43.31281565541543
775,39.7994974842648
776,41.23105625617661
777,47.37087712930804
778,46.647615158762406
779,38.157568056677825
780,42.0
781,30.0
782,52.0
783,50.75431016179808
784,41.23105625617661
785,39.191835884530846
786,48.53864439804639
787,42.708313008125245
788,49.63869458396343
789,44.8998886412873
790,42.708313008125245
791,32.49615361854384
792,49.95998398718719
793,40.0
794,46.647615158762406
795,48.0
796,49.63869458396343
797,48.98979485566356
798,43.86342439892262
799,52.191953402799555
800,43.86342439892262
801,41.42463035441596
802,42.708313008125245
803,49.95998398718719
804,48.98979485566356
805,48.98979485566356
806,51.419840528729765
807,44.721359549995796
808,44.8998886412873
809,46.647615158762406
810,38.157568056677825
811,42.0
812,49.35585071701227
813,53.81449618829484
814,46.647615158762406
815,48.98979485566356
816,48.98979485566356
817,56.42694391866354
818,48.98979485566356
819,36.66060555964672
820,30.0
821,48.98979485566356
822,46.51881339845203
823,42.0
824,45.8257569495584
825,48.33218389437829
826,50.0
827,44.8998886412873
828,49.63869458396343
829,43.86342439892262
830,43.86342439892262
831,30.0
832,38.41874542459709
833,49.35585071701227
834,40.0
835,38.41874542459709
836,43.86342439892262
837,48.0
838,49.35585071701227
839,47.37087712930804
840,48.0
841,49.95998398718719
842,48.53864439804639
843,47.37087712930804
844,42.708313008125245
845,27.129319932501073
846,40.0
847,36.66060555964672
848,44.8998886412873
849,38.41874542459709
850,45.8257569495584
851,49.63869458396343
852,44.721359549995796
853,36.932370625238775
854,31.559467676119
855,49.95998398718719
856,48.98979485566356
857,39.7994974842648
858,41.42463035441596
859,48.98979485566356
860,36.66060555964672
861,48.98979485566356
862,49.95998398718719
863,34.698703145794944
864,49.63869458396343
865,38.157568056677825
866,41.42463035441596
867,49.95998398718719
868,48.98979485566356
869,48.53864439804639
870,36.66060555964672
871,38.41874542459709
872,44.8998886412873
873,48.53864439804639
874,50.0
875,46.3033476111609
876,47.37087712930804
877,36.932370625238775
878,31.559467676119
879,32.49615361854384
880,42.708313008125245
881,45.8257569495584
882,43.86342439892262
883,48.0
884,48.98979485566356
885,40.0
886,47.37087712930804
887,45.8257569495584
888,49.35585071701227
889,41.42463035441596
890,47.37087712930804
891,45.8257569495584
892,44.8998886412873
893,45.8257569495584
894,41.42463035441596
895,42.708313008125245
896,36.05551275463989
897,34.698703145794944
898,38.41874542459709
899,49.63869458396343
900,32.49615361854384
901,34.40930106817051
902,41.42463035441596
903,46.51881339845203
904,45.8257569495584
905,36.932370625238775
906,36.66060555964672
907,36.66060555964672
908,38.41874542459709
909,30.0
910,38.41874542459709
911,56.568542494923804
912,56.88585061331157
913,53.51635264103861
914,43.86342439892262
915,47.37087712930804
916,57.41080037762929
917,57.1314274283428
918,38.41874542459709
919,42.708313008125245
920,48.53864439804639
921,47.37087712930804
922,41.42463035441596
923,45.8257569495584
924,48.0
925,46.647615158762406
926,46.647615158762406
927,44.8998886412873
928,45.8257569495584
929,59.632206063502295
930,40.0
931,38.41874542459709
932,38.41874542459709
933,36.66060555964672
934,34.698703145794944
935,34.698703145794944
936,34.698703145794944
937,44.8998886412873
938,55.17245689653489
939,53.81449618829484
940,53.25410782277739
941,42.708313008125245
942,49.63869458396343
943,48.53864439804639
944,44.8998886412873
945,53.70288632839021
946,47.37087712930804
947,50.0
948,47.49736834815167
949,48.0
950,50.0
951,48.53864439804639
952,48.0
953,46.647615158762406
954,50.0
955,52.952809179494906
956,42.708313008125245
957,49.35585071701227
958,41.42463035441596
959,47.37087712930804
960,55.17245689653489
961,51.73006862551025
962,55.17245689653489
963,34.698703145794944
964,52.76362383309168
965,56.88585061331157
966,55.71355310873648
967,56.88585061331157
968,48.0
969,48.0
970,60.13318551349163
971,57.30619512757761
972,54.735728733616035
973,51.419840528729765
974,52.306787322488084
975,45.8257569495584
976,49.839743177508446
977,46.3033476111609
978,51.419840528729765
979,49.839743177508446
980,49.839743177508446
981,49.95998398718719
982,56.60388679233962
983,56.568542494923804
984,49.839743177508446
985,46.861498055439924
986,56.7097875150313
987,60.03332407921454
988,57.1314274283428
989,49.95998398718719
990,48.53864439804639
991,36.66060555964672
992,48.98979485566356
993,48.0
994,48.0
995,48.0
996,45.8257569495584
997,47.37087712930804
998,46.647615158762406
999,44.8998886412873
1000,44.8998886412873
1001,43.86342439892262
1002,49.63869458396343
1003,49.63869458396343
1004,49.95998398718719
1005,39.7994974842648
1006,31.559467676119
1007,48.0
1008,49.63869458396343
1009,49.35585071701227
1010,49.95998398718719
1011,48.53864439804639
1012,31.04834939252005
1013,33.704599092705436
1014,36.66060555964672
1015,27.129319932501073
1016,32.49615361854384
1017,34.698703145794944
1018,23.748684174075834
1019,50.0
1020,49.95998398718719
1021,30.0
1022,41.42463035441596
1023,41.42463035441596
1024,41.42463035441596
1025,43.86342439892262
1026,38.41874542459709
1027,40.0
1028,36.66060555964672
1029,36.66060555964672
1030,38.41874542459709
1031,48.98979485566356
1032,48.98979485566356
1033,46.647615158762406
1034,47.37087712930804
1035,43.86342439892262
1036,48.98979485566356
1037,49.839743177508446
1038,49.839743177508446
1039,42.708313008125245
1040,48.98979485566356
1041,49.35585071701227
1042,49.839743177508446
1043,50.0
1044,50.0
1045,49.63869458396343
1046,41.42463035441596
1047,40.0
1048,36.66060555964672
1049,36.66060555964672
1050,36.932370625238775
1051,34.40930106817051
1052,47.37087712930804
1053,47.37087712930804
1054,48.98979485566356
1055,49.839743177508446
1056,53.70288632839021
1057,57.41080037762929
1058,55.71355310873648
1059,53.85164807134504
1060,53.25410782277739
1061,52.91502622129181
1062,49.15282290977803
1063,49.95998398718719
1064,49.95998398718719
1065,48.98979485566356
1066,48.98979485566356
1067,49.839743177508446
1068,53.0659966456864
1069,46.647615158762406
1070,48.0
1071,48.98979485566356
1072,48.0
1073,40.0
1074,42.708313008125245
1075,42.708313008125245
1076,41.42463035441596
1077,45.8257569495584
1078,43.86342439892262
1079,46.861498055439924
1080,48.82622246293481
1081,48.98979485566356
1082,46.3033476111609
1083,48.98979485566356
1084,45.8257569495584
1085,53.25410782277739
1086,55.17245689653489
1087,41.42463035441596
1088,32.49615361854384
1089,27.129319932501073
1090,32.49615361854384
1091,27.129319932501073
1092,32.49615361854384
1093,52.49761899362675
1094,49.35585071701227
1095,48.53864439804639
1096,48.98979485566356
1097,44.54211490264017
1098,49.35585071701227
1099,51.22499389946279
1100,43.08131845707603
1101,49.15282290977803
1102,57.445626465380286
1103,52.49761899362675
1104,52.49761899362675
1105,48.53864439804639
1106,52.49761899362675
1107,53.0659966456864
1108,44.8998886412873
1109,49.35585071701227
1110,49.63869458396343
1111,48.98979485566356
1112,48.53864439804639
1113,48.0
1114,49.35585071701227
1115,49.63869458396343
1116,48.98979485566356
1117,48.0
1118,46.647615158762406
1119,42.708313008125245
1120,43.86342439892262
1121,27.129319932501073
1122,27.129319932501073
1123,47.37087712930804
1124,52.91502622129181
1125,48.53864439804639
1126,42.708313008125245
1127,47.37087712930804
1128,49.95998398718719
1129,47.37087712930804
1130,46.647615158762406
1131,48.98979485566356
1132,46.647615158762406
1133,34.698703145794944
1134,33.704599092705436
1135,39.7994974842648
1136,42.0
1137,49.35585071701227
1138,44.76605857119878
1139,50.0
1140,41.7612260356422
1141,46.647615158762406
1142,49.63869458396343
1143,49.35585071701227
1144,49.63869458396343
1145,41.42463035441596
1146,46.647615158762406
1147,46.647615158762406
1148,41.42463035441596
1149,45.8257569495584
1150,43.86342439892262
1151,48.98979485566356
1152,45.8257569495584
1153,48.98979485566356
1154,50.0
1155,36.66060555964672
1156,48.98979485566356
1157,47.15930449020638
1158,49.35585071701227
1159,49.63869458396343
1160,48.53864439804639
1161,48.98979485566356
1162,48.53864439804639
1163,48.98979485566356
1164,44.8998886412873
1165,43.86342439892262
1166,40.0
1167,41.42463035441596
1168,50.15974481593781
1169,45.8257569495584
1170,49.35585071701227
1171,44.8998886412873
1172,33.704599092705436
1173,42.0
1174,48.98979485566356
1175,47.70744176750625
1176,47.37087712930804
1177,44.8998886412873
1178,32.49615361854384
1179,34.698703145794944
1180,48.0
1181,49.839743177508446
1182,40.0
1183,36.66060555964672
1184,32.49615361854384
1185,45.8257569495584
1186,49.35585071701227
1187,43.86342439892262
1188,49.63869458396343
1189,54.55272678794342
1190,53.51635264103861
1191,47.37087712930804
1192,42.708313008125245
1193,41.42463035441596
1194,40.0
1195,23.748684174075834
1196,36.66060555964672
1197,19.595917942265423
1198,50.0
1199,50.0
1200,36.66060555964672
1201,34.698703145794944
1202,49.839743177508446
1203,36.66060555964672
1204,38.41874542459709
1205,41.42463035441596
1206,49.63869458396343
1207,49.95998398718719
1208,43.31281565541543
1209,39.191835884530846
1210,45.8257569495584
1211,30.0
1212,43.86342439892262
1213,49.95998398718719
1214,49.839743177508446
1215,49.63869458396343
1216,45.8257569495584
1217,41.42463035441596
1218,40.0
1219,37.36308338453881
1220,45.8257569495584
1221,48.0
1222,49.839743177508446
1223,40.0
1224,50.0
1225,48.53864439804639
1226,38.157568056677825
1227,47.37087712930804
1228,46.647615158762406
1229,49.35585071701227
1230,46.3033476111609
1231,45.8257569495584
1232,49.15282290977803
1233,49.95998398718719
1234,50.0
1235,48.98979485566356
1236,53.25410782277739
1237,50.75431016179808
1238,43.86342439892262
1239,48.53864439804639
1240,27.129319932501073
1241,32.49615361854384
1242,32.49615361854384
1243,32.49615361854384
1244,50.0
1245,34.698703145794944
1246,30.0
1247,34.698703145794944
1248,30.0
1249,27.129319932501073
1250,32.49615361854384
1251,27.129319932501073
1252,30.0
1253,30.0
1254,49.35585071701227
1255,19.595917942265423
1256,14.0
1257,14.0
1258,23.748684174075834
1259,34.698703145794944
1260,23.748684174075834
1261,23.748684174075834
1262,49.95998398718719
1263,48.0
1264,43.86342439892262
1265,28.0
1266,27.129319932501073
1267,41.42463035441596
1268,28.0
1269,31.04834939252005
1270,23.748684174075834
1271,19.595917942265423
1272,28.0
1273,43.86342439892262
1274,40.0
1275,47.37087712930804
1276,24.413111231467404
1277,30.0
1278,32.49615361854384
1279,42.708313008125245
1280,34.698703145794944
1281,49.35585071701227
1282,43.86342439892262
1283,38.41874542459709
1284,19.595917942265423
1285,19.595917942265423
1286,19.595917942265423
1287,14.0
1288,19.595917942265423
1289,14.0
1290,14.0
1291,14.0
1292,14.0
1293,14.0
1294,23.748684174075834
1295,30.0
1296,34.698703145794944
1297,34.698703145794944
1298,38.41874542459709
1299,38.41874542459709
1300,19.595917942265423
1301,19.595917942265423
1302,38.41874542459709
1303,30.0
1304,38.41874542459709
1305,38.41874542459709
1306,41.42463035441596
1307,40.0
1308,14.0
1309,14.0
1310,19.595917942265423
1311,14.0
1312,40.0
1313,34.698703145794944
1314,14.0
1315,38.41874542459709
1316,36.66060555964672
1317,23.748684174075834
1318,19.595917942265423
1319,19.595917942265423
1320,19.595917942265423
1321,14.0
1322,14.0
1323,14.0
1324,14.0
1325,14.0
1326,14.0
1327,36.66060555964672
1328,32.49615361854384
1329,14.0
1330,19.595917942265423
1331,19.595917942265423
1332,32.49615361854384
1333,34.698703145794944
1334,36.66060555964672
1335,32.49615361854384
1336,32.49615361854384
1337,27.129319932501073
1338,27.129319932501073
1339,30.0
1340,36.66060555964672
1341,34.698703145794944
1342,42.708313008125245
1343,40.0
1344,42.708313008125245
1345,40.0
1346,36.66060555964672
1347,27.129319932501073
1348,27.129319932501073
1349,27.129319932501073
1350,23.748684174075834
1351,23.748684174075834
1352,44.8998886412873
1353,14.0
1354,23.748684174075834
1355,23.748684174075834
1356,48.98979485566356
1357,46.647615158762406
1358,23.748684174075834
1359,27.129319932501073
1360,23.748684174075834
1361,0.0
1362,36.05551275463989
1363,46.647615158762406
1364,47.37087712930804
1365,48.0
1366,32.49615361854384
1367,30.0
1368,27.129319932501073
1369,19.595917942265423
1370,38.41874542459709
1371,27.129319932501073
1372,41.42463035441596
1373,46.647615158762406
1374,41.42463035441596
1375,42.708313008125245
1376,41.42463035441596
1377,43.86342439892262
1378,42.708313008125245
1379,38.41874542459709
1380,43.86342439892262
1381,30.0
1382,34.698703145794944
1383,30.0
1384,30.0
1385,46.647615158762406
1386,46.647615158762406
1387,32.49615361854384
1388,24.413111231467404
1389,19.595917942265423
1390,24.413111231467404
1391,19.595917942265423
1392,24.413111231467404
1393,23.748684174075834
1394,24.413111231467404
1395,14.0
1396,28.0
1397,36.66060555964672
1398,36.66060555964672
1399,46.647615158762406
1400,46.647615158762406
1401,23.748684174075834
1402,36.66060555964672
1403,19.595917942265423
1404,19.595917942265423
1405,23.748684174075834
1406,30.0
1407,32.49615361854384
1408,30.0
1409,30.0
1410,44.8998886412873
1411,42.708313008125245
1412,41.42463035441596
1413,41.42463035441596
1414,41.42463035441596
1415,40.0
1416,40.0
1417,23.748684174075834
1418,19.595917942265423
1419,23.748684174075834
1420,34.698703145794944
1421,48.98979485566356
1422,44.8998886412873
1423,49.35585071701227
1424,34.698703145794944
1425,23.748684174075834
1426,32.49615361854384
1427,14.0
1428,27.129319932501073
1429,23.748684174075834
1430,23.748684174075834
1431,14.0
1432,27.129319932501073
1433,34.698703145794944
1434,32.49615361854384
1435,36.66060555964672
1436,32.49615361854384
1437,34.698703145794944
1438,34.698703145794944
1439,38.41874542459709
1440,40.0
1441,40.0
1442,49.35585071701227
1443,49.35585071701227
1444,48.0
1445,45.8257569495584
1446,45.8257569495584
1447,44.8998886412873
1448,40.0
1449,32.49615361854384
1450,38.41874542459709
1451,27.129319932501073
1452,40.0
1453,42.708313008125245
1454,42.708313008125245
1455,42.708313008125245
1456,42.708313008125245
1457,36.66060555964672
1458,27.129319932501073
1459,19.595917942265423
1460,48.53864439804639
1461,27.129319932501073
1462,48.53864439804639
1463,14.0
1464,50.0
1465,46.647615158762406
1466,38.41874542459709
1467,48.53864439804639
1468,40.0
1469,48.0
1470,38.41874542459709
1471,36.66060555964672
1472,42.708313008125245
1473,49.63869458396343
1474,47.37087712930804
1475,47.37087712930804
1476,45.8257569495584
1477,48.0
1478,46.647615158762406
1479,46.647615158762406
1480,48.53864439804639
1481,46.647615158762406
1482,49.63869458396343
1483,53.51635264103861
1484,44.0
1485,44.8998886412873
1486,47.37087712930804
1487,44.8998886412873
1488,48.98979485566356
1489,40.0
1490,47.37087712930804
1491,41.42463035441596
1492,55.281099844341014
1493,50.0
1494,41.42463035441596
1495,48.53864439804639
1496,49.839743177508446
1497,44.8998886412873
1498,49.63869458396343
1499,49.95998398718719
1500,48.0
1501,44.8998886412873
1502,43.86342439892262
1503,40.0
1504,49.839743177508446
1505,34.698703145794944
1506,34.698703145794944
1507,41.23105625617661
1508,36.05551275463989
1509,44.8998886412873
1510,48.0
1511,45.8257569495584
1512,49.839743177508446
1513,49.839743177508446
1514,45.8257569495584
1515,24.413111231467404
1516,30.0
1517,19.595917942265423
1518,36.66060555964672
1519,30.0
1520,40.0
1521,34.698703145794944
1522,38.41874542459709
1523,27.129319932501073
1524,46.647615158762406
1525,50.0
1526,42.708313008125245
1527,32.49615361854384
1528,19.595917942265423
1529,14.0
1530,44.8998886412873
1531,38.41874542459709
1532,40.0
1533,38.41874542459709
1534,49.95998398718719
1535,30.0
1536,46.647615158762406
1537,49.839743177508446
1538,30.0
1539,30.0
1540,41.42463035441596
1541,28.0
1542,34.698703145794944
1543,49.35585071701227
1544,23.748684174075834
1545,30.0
1546,24.413111231467404
1547,27.129319932501073
1548,32.49615361854384
1549,27.129319932501073
1550,23.748684174075834
1551,28.0
1552,23.748684174075834
1553,48.98979485566356
1554,36.66060555964672
1555,43.86342439892262
1556,41.42463035441596
1557,48.98979485566356
1558,27.129319932501073
1559,46.647615158762406
1560,48.98979485566356
1561,47.37087712930804
1562,48.98979485566356
1563,47.37087712930804
1564,30.0
1565,42.708313008125245
1566,41.42463035441596
1567,49.35585071701227
1568,49.35585071701227
1569,47.37087712930804
1570,27.129319932501073
1571,30.0
1572,32.49615361854384
1573,41.42463035441596
1574,42.708313008125245
1575,49.95998398718719
1576,48.53864439804639
1577,41.42463035441596
1578,38.41874542459709
1579,24.413111231467404
1580,47.37087712930804
1581,28.0
1582,27.129319932501073
1583,42.708313008125245
1584,27.129319932501073
1585,19.595917942265423
1586,38.41874542459709
1587,23.748684174075834
1588,34.698703145794944
1589,23.748684174075834
1590,34.698703145794944
1591,40.0
1592,42.708313008125245
1593,34.698703145794944
1594,42.708313008125245
1595,36.66060555964672
1596,34.698703145794944
1597,19.595917942265423
1598,27.129319932501073
1599,34.698703145794944
1600,14.0
1601,14.0
1602,14.0
1603,30.0
1604,23.748684174075834
1605,32.49615361854384
1606,42.708313008125245
1607,38.41874542459709
1608,43.86342439892262
1609,36.66060555964672
1610,27.129319932501073
1611,47.37087712930804
1612,48.0
1613,45.8257569495584
1614,46.647615158762406
1615,41.42463035441596
1616,41.42463035441596
1617,40.0
1618,41.42463035441596
1619,40.0
1620,48.0
1621,44.8998886412873
1622,48.53864439804639
1623,42.708313008125245
1624,38.41874542459709
1625,49.63869458396343
1626,48.98979485566356
1627,30.0
1628,34.698703145794944
1629,27.129319932501073
1630,30.0
1631,34.698703145794944
1632,34.698703145794944
1633,23.748684174075834
1634,32.49615361854384
1635,14.0
1636,30.0
1637,24.413111231467404
1638,19.595917942265423
1639,23.748684174075834
1640,14.0
1641,30.0
1642,28.0
1643,28.0
1644,38.157568056677825
1645,33.704599092705436
1646,42.708313008125245
1647,48.98979485566356
1648,48.98979485566356
1649,44.8998886412873
1650,34.698703145794944
1651,49.95998398718719
1652,48.53864439804639
1653,40.049968789001575
1654,31.559467676119
1655,36.932370625238775
1656,33.704599092705436
1657,34.40930106817051
1658,33.704599092705436
1659,48.53864439804639
1660,34.698703145794944
1661,48.98979485566356
1662,48.0
1663,48.98979485566356
1664,48.0
1665,43.86342439892262
1666,42.708313008125245
1667,32.49615361854384
1668,40.0
1669,49.839743177508446
1670,19.595917942265423
1671,19.595917942265423
1672,49.63869458396343
1673,42.708313008125245
1674,41.42463035441596
1675,45.8257569495584
1676,49.35585071701227
1677,48.98979485566356
1678,49.95998398718719
1679,48.0
1680,41.42463035441596
1681,41.42463035441596
1682,38.41874542459709
1683,45.8257569495584
1684,41.42463035441596
1685,43.86342439892262
1686,39.7994974842648
1687,39.7994974842648
1688,39.191835884530846
1689,39.191835884530846
1690,38.41874542459709
1691,37.36308338453881
1692,41.7612260356422
1693,47.49736834815167
1694,46.647615158762406
1695,46.0
1696,36.932370625238775
1697,40.049968789001575
1698,31.559467676119
1699,24.413111231467404
1700,31.559467676119
1701,43.86342439892262
1702,43.86342439892262
1703,43.86342439892262
1704,43.86342439892262
1705,44.8998886412873
1706,43.86342439892262
1707,27.129319932501073
1708,32.49615361854384
1709,43.86342439892262
1710,44.8998886412873
1711,40.0
1712,48.0
1713,14.0
1714,14.0
1715,23.748684174075834
1716,48.53864439804639
1717,42.37924020083418
1718,44.721359549995796
1719,31.559467676119
1720,31.04834939252005
1721,36.05551275463989
1722,40.0
1723,48.0
1724,42.708313008125245
1725,49.839743177508446
1726,45.8257569495584
1727,43.08131845707603
1728,49.35585071701227
1729,34.698703145794944
1730,27.129319932501073
1731,27.129319932501073
1732,36.66060555964672
1733,23.748684174075834
1734,36.66060555964672
1735,49.95998398718719
1736,46.647615158762406
1737,44.0
1738,36.05551275463989
1739,40.0
1740,47.15930449020638
1741,48.33218389437829
1742,43.86342439892262
1743,41.23105625617661
1744,31.559467676119
1745,27.129319932501073
1746,47.37087712930804
1747,49.35585071701227
1748,49.839743177508446
1749,42.708313008125245
1750,40.0
1751,41.42463035441596
1752,44.8998886412873
1753,42.708313008125245
1754,42.708313008125245
1755,49.95998398718719
1756,50.0
1757,48.98979485566356
1758,48.53864439804639
1759,49.95998398718719
1760,49.839743177508446
1761,45.8257569495584
1762,49.63869458396343
1763,49.63869458396343
1764,42.708313008125245
1765,48.0
1766,49.839743177508446
1767,44.8998886412873
1768,49.63869458396343
1769,49.839743177508446
1770,42.708313008125245
1771,41.42463035441596
1772,43.86342439892262
1773,48.98979485566356
1774,49.35585071701227
1775,49.839743177508446
1776,32.49615361854384
1777,43.86342439892262
1778,44.0
1779,50.438080851673966
1780,49.95998398718719
1781,48.0
1782,43.86342439892262
1783,49.839743177508446
1784,48.53864439804639
1785,48.53864439804639
1786,34.40930106817051
1787,41.7612260356422
1788,34.40930106817051
1789,41.7612260356422
1790,34.698703145794944
1791,47.37087712930804
1792,23.748684174075834
1793,48.0
1794,45.8257569495584
1795,41.42463035441596
1796,19.595917942265423
1797,38.41874542459709
1798,27.129319932501073
1799,19.595917942265423
1800,23.748684174075834
1801,38.41874542459709
1802,49.35585071701227
1803,23.748684174075834
1804,27.129319932501073
1805,27.129319932501073
1806,27.129319932501073
1807,14.0
1808,36.66060555964672
1809,23.748684174075834
1810,19.595917942265423
1811,23.748684174075834
1812,27.129319932501073
1813,23.748684174075834
1814,19.595917942265423
1815,32.49615361854384
1816,32.49615361854384
1817,32.49615361854384
1818,40.0
1819,30.0
1820,32.49615361854384
1821,23.748684174075834
1822,30.0
1823,23.748684174075834
1824,23.748684174075834
1825,23.748684174075834
1826,32.49615361854384
1827,14.0
1828,19.595917942265423
1829,14.0
1830,14.0
1831,19.595917942265423
1832,27.129319932501073
1833,47.37087712930804
1834,32.49615361854384
1835,49.95998398718719
1836,41.42463035441596
1837,14.0
1838,14.0
1839,14.0
1840,14.0
1841,23.748684174075834
1842,23.748684174075834
1843,14.0
1844,14.0
1845,14.0
1846,19.595917942265423
1847,14.0
1848,23.748684174075834
1849,27.129319932501073
1850,14.0
1851,19.595917942265423
1852,14.0
1853,30.0
1854,14.0
1855,27.129319932501073
1856,27.129319932501073
1857,14.0
1858,23.748684174075834
1859,23.748684174075834
1860,27.129319932501073
1861,43.86342439892262
1862,14.0
1863,14.0
1864,14.0
1865,14.0
1866,34.698703145794944
1867,30.0
1868,19.595917942265423
1869,19.595917942265423
1870,19.595917942265423
1871,19.595917942265423
1872,19.595917942265423
1873,14.0
1874,14.0
1875,14.0
1876,30.0
1877,49.35585071701227
1878,49.839743177508446
1879,49.63869458396343
1880,48.53864439804639
1881,49.35585071701227
1882,30.0
1883,30.0
1884,47.37087712930804
1885,49.95998398718719
1886,49.95998398718719
1887,41.42463035441596
1888,47.37087712930804
1889,14.0
1890,14.0
1891,14.0
1892,23.748684174075834
1893,19.595917942265423
1894,27.129319932501073
1895,27.129319932501073
1896,27.129319932501073
1897,19.595917942265423
1898,14.0
1899,30.0
1900,27.129319932501073
1901,19.595917942265423
1902,23.748684174075834
1903,14.0
1904,19.595917942265423
1905,14.0
1906,46.3033476111609
1907,37.36308338453881
1908,42.37924020083418
1909,41.7612260356422
1910,44.0
1911,50.75431016179808
1912,47.37087712930804
1913,49.63869458396343
1914,48.53864439804639
1915,49.95998398718719
1916,49.95998398718719
1917,49.63869458396343
1918,49.63869458396343
1919,42.708313008125245
1920,36.05551275463989
1921,36.05551275463989
1922,49.63869458396343
1923,34.698703145794944
1924,50.438080851673966
1925,53.70288632839021
1926,48.98979485566356
1927,50.0
1928,49.839743177508446
1929,49.35585071701227
1930,47.37087712930804
1931,50.0
1932,49.63869458396343
1933,49.35585071701227
1934,49.63869458396343
1935,49.95998398718719
1936,39.191835884530846
1937,48.98979485566356
1938,49.839743177508446
1939,49.35585071701227
1940,49.63869458396343
1941,49.839743177508446
1942,45.8257569495584
1943,49.35585071701227
1944,44.8998886412873
1945,48.53864439804639
1946,49.839743177508446
1947,50.0
1948,50.0
1949,42.708313008125245
1950,50.0
1951,48.98979485566356
1952,44.8998886412873
1953,46.647615158762406
1954,44.721359549995796
1955,43.86342439892262
1956,41.42463035441596
1957,46.647615158762406
1958,47.37087712930804
1959,48.0
1960,49.63869458396343
1961,48.0
1962,49.839743177508446
1963,47.70744176750625
1964,47.37087712930804
1965,44.8998886412873
1966,49.63869458396343
1967,47.37087712930804
1968,48.2078831727758
1969,49.839743177508446
1970,49.35585071701227
1971,46.647615158762406
1972,49.839743177508446
1973,49.63869458396343
1974,48.0
1975,48.0
1976,47.37087712930804
1977,46.647615158762406
1978,41.23105625617661
1979,44.8998886412873
1980,48.0
1981,33.704599092705436
1982,23.748684174075834
1983,14.0
1984,14.0
1985,14.0
1986,23.748684174075834
1987,27.129319932501073
1988,30.0
1989,23.748684174075834
1990,19.595917942265423
1991,23.748684174075834
1992,19.595917942265423
1993,14.0
1994,23.748684174075834
1995,23.748684174075834
1996,23.748684174075834
1997,23.748684174075834
1998,32.49615361854384
1999,19.595917942265423
2000,14.0
2001,14.0
2002,19.595917942265423
2003,14.0
2004,19.595917942265423
2005,14.0
2006,14.0
2007,14.0
2008,14.0
2009,14.0
2010,14.0
2011,27.129319932501073
2012,14.0
2013,14.0
2014,14.0
2015,14.0
2016,14.0
2017,14.0
2018,14.0
2019,49.35585071701227
2020,48.0
2021,49.63869458396343
2022,49.35585071701227
2023,36.66060555964672
2024,50.0
2025,43.86342439892262
2026,49.35585071701227
2027,48.0
2028,49.839743177508446
2029,48.53864439804639
2030,49.95998398718719
2031,23.748684174075834
2032,19.595917942265423
2033,23.748684174075834
2034,23.748684174075834
2035,14.0
2036,14.0
2037,19.595917942265423
2038,19.595917942265423
2039,19.595917942265423
2040,14.0
2041,14.0
2042,14.0
2043,34.698703145794944
2044,32.49615361854384
2045,36.66060555964672
2046,32.49615361854384
2047,27.129319932501073
2048,23.748684174075834
2049,43.86342439892262
2050,45.8257569495584
2051,30.0
2052,27.129319932501073
2053,23.748684174075834
2054,19.595917942265423
2055,19.595917942265423
2056,19.595917942265423
2057,19.595917942265423
2058,19.595917942265423
2059,14.0
2060,19.595917942265423
2061,14.0
2062,14.0
2063,14.0
2064,14.0
2065,45.8257569495584
2066,19.595917942265423
2067,23.748684174075834
2068,19.595917942265423
2069,19.595917942265423
2070,19.595917942265423
2071,23.748684174075834
2072,23.748684174075834
2073,14.0
2074,14.0
2075,23.748684174075834
2076,45.8257569495584
2077,43.86342439892262
2078,46.647615158762406
2079,45.8257569495584
2080,44.8998886412873
2081,45.8257569495584
2082,14.0
2083,19.595917942265423
2084,19.595917942265423
2085,23.748684174075834
2086,14.0
2087,19.595917942265423
2088,14.0
2089,14.0
2090,14.0
2091,14.0
2092,14.0
2093,14.0
2094,14.0
2095,14.0
2096,19.595917942265423
2097,32.49615361854384
2098,24.413111231467404
2099,30.0
2100,34.698703145794944
2101,19.595917942265423
2102,19.595917942265423
2103,23.748684174075834
2104,44.8998886412873
2105,36.66060555964672
2106,46.647615158762406
2107,46.647615158762406
2108,41.42463035441596
2109,42.708313008125245
2110,42.708313008125245
2111,30.0
2112,32.49615361854384
2113,19.595917942265423
2114,14.0
2115,27.129319932501073
2116,19.595917942265423
2117,19.595917942265423
2118,36.66060555964672
2119,38.41874542459709
2120,38.41874542459709
2121,40.0
2122,34.698703145794944
2123,14.0
2124,34.698703145794944
2125,36.66060555964672
2126,30.0
2127,30.0
2128,30.0
2129,30.0
2130,34.698703145794944
2131,36.66060555964672
2132,48.0
2133,32.49615361854384
2134,42.708313008125245
2135,23.748684174075834
2136,36.66060555964672
2137,14.0
2138,19.595917942265423
2139,30.0
2140,19.595917942265423
2141,19.595917942265423
2142,19.595917942265423
2143,27.129319932501073
2144,24.413111231467404
2145,14.0
2146,27.129319932501073
2147,36.66060555964672
2148,40.0
2149,40.0
2150,41.42463035441596
2151,38.41874542459709
2152,30.0
2153,19.595917942265423
2154,27.129319932501073
2155,23.748684174075834
2156,30.0
2157,14.0
2158,14.0
2159,48.53864439804639
2160,38.41874542459709
2161,42.708313008125245
2162,38.41874542459709
2163,49.95998398718719
2164,43.86342439892262
2165,49.63869458396343
2166,46.647615158762406
2167,41.42463035441596
2168,43.86342439892262
2169,45.8257569495584
2170,38.41874542459709
2171,38.41874542459709
2172,38.41874542459709
2173,32.49615361854384
2174,46.647615158762406
2175,48.98979485566356
2176,41.42463035441596
2177,32.49615361854384
2178,32.49615361854384
2179,41.42463035441596
2180,49.35585071701227
2181,45.8257569495584
2182,31.559467676119
2183,34.40930106817051
2184,44.8998886412873
2185,48.53864439804639
2186,49.95998398718719
2187,49.95998398718719
2188,48.53864439804639
2189,50.0
2190,47.37087712930804
2191,49.63869458396343
2192,47.15930449020638
2193,42.708313008125245
2194,46.647615158762406
2195,38.157568056677825
2196,40.0
2197,41.42463035441596
2198,48.33218389437829
2199,50.438080851673966
2200,52.952809179494906
2201,48.33218389437829
2202,43.31281565541543
2203,44.76605857119878
2204,54.4426303552648
2205,47.49736834815167
2206,52.306787322488084
2207,48.33218389437829
2208,48.82622246293481
2209,50.0
2210,49.95998398718719
2211,47.37087712930804
2212,49.35585071701227
2213,49.35585071701227
2214,49.95998398718719
2215,46.647615158762406
2216,47.37087712930804
2217,46.647615158762406
2218,48.0
2219,49.95998398718719
2220,44.8998886412873
2221,45.8257569495584
2222,46.647615158762406
2223,47.37087712930804
2224,48.53864439804639
2225,49.35585071701227
2226,48.98979485566356
2227,42.708313008125245
2228,40.0
2229,46.647615158762406
2230,44.721359549995796
2231,48.0
2232,40.049968789001575
2233,36.05551275463989
2234,42.37924020083418
2235,50.0
2236,52.306787322488084
2237,51.536394906900505
2238,43.31281565541543
2239,50.438080851673966
2240,48.53864439804639
2241,49.839743177508446
2242,49.839743177508446
2243,48.98979485566356
2244,48.53864439804639
2245,23.748684174075834
2246,14.0
2247,23.748684174075834
2248,23.748684174075834
2249,14.0
2250,23.748684174075834
2251,23.748684174075834
2252,23.748684174075834
2253,14.0
2254,19.595917942265423
2255,23.748684174075834
2256,23.748684174075834
2257,19.595917942265423
2258,24.413111231467404
2259,19.595917942265423
2260,23.748684174075834
2261,19.595917942265423
2262,42.708313008125245
2263,47.37087712930804
2264,48.98979485566356
2265,45.8257569495584
2266,48.0
2267,42.708313008125245
2268,23.748684174075834
2269,28.0
2270,23.748684174075834
2271,23.748684174075834
2272,24.413111231467404
2273,19.595917942265423
2274,30.0
2275,32.49615361854384
2276,24.413111231467404
2277,23.748684174075834
2278,19.595917942265423
2279,23.748684174075834
2280,19.595917942265423
2281,23.748684174075834
2282,27.129319932501073
2283,27.129319932501073
2284,34.698703145794944
2285,23.748684174075834
2286,14.0
2287,23.748684174075834
2288,19.595917942265423
2289,19.595917942265423
2290,23.748684174075834
2291,23.748684174075834
2292,23.748684174075834
2293,23.748684174075834
2294,38.41874542459709
2295,27.129319932501073
2296,23.748684174075834
2297,23.748684174075834
2298,23.748684174075834
2299,32.49615361854384
2300,23.748684174075834
2301,32.49615361854384
2302,32.49615361854384
2303,38.41874542459709
2304,40.0
2305,38.41874542459709
2306,38.41874542459709
2307,36.66060555964672
2308,36.66060555964672
2309,14.0
2310,14.0
2311,14.0
2312,14.0
2313,14.0
2314,23.748684174075834
2315,14.0
2316,14.0
2317,14.0
2318,14.0
2319,19.595917942265423
2320,19.595917942265423
2321,23.748684174075834
2322,14.0
2323,14.0
2324,14.0
2325,14.0
2326,14.0
2327,14.0
2328,14.0
2329,27.129319932501073
2330,48.0
2331,19.595917942265423
2332,49.95998398718719
2333,48.53864439804639
2334,49.95998398718719
2335,49.35585071701227
2336,38.41874542459709
2337,23.748684174075834
2338,27.129319932501073
2339,23.748684174075834
2340,14.0
2341,27.129319932501073
2342,44.8998886412873
2343,14.0
2344,38.41874542459709
2345,19.595917942265423
2346,23.748684174075834
2347,23.748684174075834
2348,14.0
2349,14.0
2350,19.595917942265423
2351,14.0
2352,23.748684174075834
2353,23.748684174075834
2354,14.0
2355,19.595917942265423
2356,14.0
2357,14.0
2358,14.0
2359,42.708313008125245
2360,43.86342439892262
2361,47.37087712930804
2362,47.37087712930804
2363,47.37087712930804
2364,43.31281565541543
2365,47.49736834815167
2366,49.35585071701227
2367,39.191835884530846
2368,49.95998398718719
2369,47.37087712930804
2370,36.66060555964672
2371,48.98979485566356
2372,49.63869458396343
2373,43.86342439892262
2374,42.708313008125245
2375,48.53864439804639
2376,48.53864439804639
2377,49.63869458396343
2378,40.0
2379,42.37924020083418
2380,46.647615158762406
2381,44.8998886412873
2382,40.049968789001575
2383,41.42463035441596
2384,37.36308338453881
2385,36.66060555964672
2386,36.66060555964672
2387,40.0
2388,34.698703145794944
2389,38.41874542459709
2390,43.86342439892262
2391,34.698703145794944
2392,46.647615158762406
2393,40.0
2394,47.37087712930804
2395,42.0
2396,31.559467676119
2397,42.37924020083418
2398,42.37924020083418
2399,36.05551275463989
2400,37.36308338453881
2401,41.7612260356422
2402,41.42463035441596
2403,49.839743177508446
2404,49.63869458396343
2405,44.8998886412873
2406,48.53864439804639
2407,48.98979485566356
2408,45.8257569495584
2409,36.05551275463989
2410,48.98979485566356
2411,48.0
2412,49.35585071701227
2413,49.15282290977803
2414,42.708313008125245
2415,49.35585071701227
2416,44.8998886412873
2417,40.049968789001575
2418,46.0
2419,49.35585071701227
2420,46.647615158762406
2421,49.15282290977803
2422,48.0
2423,46.647615158762406
2424,44.8998886412873
2425,49.839743177508446
2426,49.839743177508446
2427,48.0
2428,43.86342439892262
2429,48.0
2430,48.53864439804639
2431,49.839743177508446
2432,48.98979485566356
2433,32.49615361854384
2434,34.40930106817051
2435,28.0
2436,45.8257569495584
2437,42.708313008125245
2438,48.53864439804639
2439,45.8257569495584
2440,38.41874542459709
2441,32.49615361854384
2442,36.66060555964672
2443,32.49615361854384
2444,34.698703145794944
2445,45.8257569495584
2446,33.704599092705436
2447,27.129319932501073
2448,33.704599092705436
2449,36.66060555964672
2450,33.704599092705436
2451,36.66060555964672
2452,31.04834939252005
2453,31.559467676119
2454,42.708313008125245
2455,32.49615361854384
2456,38.157568056677825
2457,40.049968789001575
2458,44.721359549995796
2459,38.41874542459709
2460,43.31281565541543
2461,38.41874542459709
2462,30.0
2463,32.49615361854384
2464,32.49615361854384
2465,32.49615361854384
2466,34.40930106817051
2467,48.98979485566356
2468,36.05551275463989
2469,40.049968789001575
2470,48.0
2471,43.86342439892262
2472,46.647615158762406
2473,33.704599092705436
2474,44.8998886412873
2475,40.0
2476,40.049968789001575
2477,42.708313008125245
2478,36.05551275463989
2479,36.932370625238775
2480,33.704599092705436
2481,39.191835884530846
2482,33.704599092705436
2483,48.98979485566356
2484,41.7612260356422
2485,40.0
2486,27.129319932501073
2487,0.0
2488,19.595917942265423
2489,14.0
2490,31.04834939252005
2491,47.37087712930804
2492,49.63869458396343
2493,43.86342439892262
2494,50.0
2495,48.98979485566356
2496,36.66060555964672
2497,32.49615361854384
2498,30.0
2499,14.0
2500,14.0
2501,32.49615361854384
2502,23.748684174075834
2503,30.0
2504,14.0
2505,14.0
2506,14.0
2507,23.748684174075834
2508,14.0
2509,14.0
2510,14.0
2511,44.8998886412873
2512,46.647615158762406
2513,49.35585071701227
2514,38.41874542459709
2515,32.49615361854384
2516,14.0
2517,23.748684174075834
2518,19.595917942265423
2519,27.129319932501073
2520,19.595917942265423
2521,14.0
2522,41.42463035441596
2523,27.129319932501073
2524,27.129319932501073
2525,45.8257569495584
2526,30.0
2527,14.0
2528,23.748684174075834
2529,30.0
2530,38.41874542459709
2531,23.748684174075834
2532,43.86342439892262
2533,41.42463035441596
2534,40.0
2535,27.129319932501073
2536,30.0
2537,30.0
2538,36.66060555964672
2539,14.0
2540,27.129319932501073
2541,36.66060555964672
2542,42.708313008125245
2543,27.129319932501073
2544,28.0
2545,19.595917942265423
2546,24.413111231467404
2547,24.413111231467404
2548,34.698703145794944
2549,49.35585071701227
2550,41.42463035441596
2551,40.0
2552,43.86342439892262
2553,38.41874542459709
2554,48.0
2555,49.839743177508446
2556,46.647615158762406
2557,48.53864439804639
2558,45.8257569495584
2559,49.839743177508446
2560,48.0
2561,49.95998398718719
2562,45.8257569495584
2563,19.595917942265423
2564,36.66060555964672
2565,23.748684174075834
2566,28.0
2567,45.8257569495584
2568,42.708313008125245
2569,45.8257569495584
2570,28.0
2571,31.04834939252005
2572,40.049968789001575
2573,48.98979485566356
2574,36.05551275463989
2575,14.0
2576,38.41874542459709
2577,42.708313008125245
2578,24.413111231467404
2579,32.49615361854384
2580,30.0
2581,41.42463035441596
2582,31.04834939252005
2583,24.413111231467404
2584,31.04834939252005
2585,23.748684174075834
2586,49.839743177508446
2587,38.41874542459709
2588,44.54211490264017
2589,39.191835884530846
2590,49.839743177508446
2591,49.839743177508446
2592,49.839743177508446
2593,49.35585071701227
2594,49.35585071701227
2595,49.95998398718719
2596,42.708313008125245
2597,46.647615158762406
2598,47.37087712930804
2599,48.0
2600,48.0
2601,40.0
2602,50.0
2603,49.95998398718719
2604,47.70744176750625
2605,44.0
2606,41.23105625617661
2607,31.04834939252005
2608,49.95998398718719
2609,46.647615158762406
2610,48.0
2611,49.839743177508446
2612,46.647615158762406
2613,44.8998886412873
2614,43.86342439892262
2615,34.40930106817051
2616,38.41874542459709
2617,31.559467676119
2618,42.708313008125245
2619,32.49615361854384
2620,36.66060555964672
2621,40.0
2622,47.37087712930804
2623,44.8998886412873
2624,44.8998886412873
2625,31.559467676119
2626,40.0
2627,36.66060555964672
2628,30.0
2629,33.704599092705436
2630,45.8257569495584
2631,38.41874542459709
2632,43.86342439892262
2633,41.42463035441596
2634,39.7994974842648
2635,34.698703145794944
2636,38.157568056677825
2637,44.0
2638,38.157568056677825
2639,37.36308338453881
2640,28.0
2641,31.559467676119
2642,44.54211490264017
2643,38.157568056677825
2644,45.8257569495584
2645,49.15282290977803
2646,49.95998398718719
2647,46.647615158762406
2648,42.708313008125245
2649,48.53864439804639
2650,48.53864439804639
2651,49.839743177508446
2652,34.40930106817051
2653,36.05551275463989
2654,41.7612260356422
2655,42.708313008125245
2656,48.0
2657,42.708313008125245
2658,30.0
2659,42.708313008125245
2660,31.559467676119
2661,31.04834939252005
2662,31.559467676119
2663,34.698703145794944
2664,39.191835884530846
2665,43.31281565541543
2666,43.08131845707603
2667,39.191835884530846
2668,46.0
2669,46.861498055439924
2670,30.0
2671,48.98979485566356
2672,48.98979485566356
2673,49.35585071701227
2674,49.839743177508446
2675,49.35585071701227
2676,48.98979485566356
2677,49.63869458396343
2678,49.839743177508446
2679,36.932370625238775
2680,49.63869458396343
2681,38.41874542459709
2682,38.41874542459709
2683,49.35585071701227
2684,48.98979485566356
2685,34.698703145794944
2686,27.129319932501073
2687,41.42463035441596
2688,34.40930106817051
2689,30.0
2690,42.708313008125245
2691,43.86342439892262
2692,49.839743177508446
2693,40.0
2694,40.049968789001575
2695,40.0
2696,36.66060555964672
2697,38.41874542459709
2698,36.66060555964672
2699,42.708313008125245
2700,44.8998886412873
2701,34.40930106817051
2702,31.559467676119
2703,32.49615361854384
2704,42.708313008125245
2705,41.42463035441596
2706,27.129319932501073
2707,32.49615361854384
2708,36.66060555964672
2709,45.8257569495584
2710,44.8998886412873
2711,36.66060555964672
2712,50.0
2713,49.95998398718719
2714,40.0
2715,33.704599092705436
2716,41.7612260356422
2717,30.0
2718,34.40930106817051
2719,42.708313008125245
2720,41.42463035441596
2721,41.42463035441596
2722,41.42463035441596
2723,32.49615361854384
2724,30.0
2725,40.0
2726,40.0
2727,46.647615158762406
2728,45.8257569495584
2729,40.0
2730,36.66060555964672
2731,43.86342439892262
2732,38.157568056677825
2733,36.05551275463989
2734,40.049968789001575
2735,41.42463035441596
2736,36.66060555964672
2737,34.698703145794944
2738,38.41874542459709
2739,34.40930106817051
2740,43.86342439892262
2741,47.37087712930804
2742,47.37087712930804
2743,49.95998398718719
2744,49.839743177508446
2745,48.53864439804639
2746,46.647615158762406
2747,48.0
2748,42.708313008125245
2749,42.708313008125245
2750,38.41874542459709
