symbol,f0,trigger_atr,k_candles,n_entries,confirm_rate,static_full_monthly_sharpe,scaled_monthly_sharpe,sharpe_lift
BCHUSDT,0.33,0.25,2,5727,0.8554,2.2546,2.1548,-0.0998
BCHUSDT,0.33,0.25,3,5727,0.9008,2.2546,2.1378,-0.1168
BCHUSDT,0.33,0.25,5,5727,0.9329,2.2546,2.116,-0.1386
BCHUSDT,0.33,0.5,2,5727,0.6681,2.2546,2.1769,-0.0777
BCHUSDT,0.33,0.5,3,5727,0.7624,2.2546,2.143,-0.1116
BCHUSDT,0.33,0.5,5,5727,0.8488,2.2546,2.0858,-0.1688
BCHUSDT,0.33,1.0,2,5727,0.3635,2.2546,2.002,-0.2526
BCHUSDT,0.33,1.0,3,5727,0.4887,2.2546,1.9578,-0.2969
BCHUSDT,0.33,1.0,5,5727,0.641,2.2546,1.876,-0.3786
BCHUSDT,0.5,0.25,2,5727,0.8554,2.2546,2.1902,-0.0644
BCHUSDT,0.5,0.25,3,5727,0.9008,2.2546,2.1766,-0.078
BCHUSDT,0.5,0.25,5,5727,0.9329,2.2546,2.1607,-0.0939
BCHUSDT,0.5,0.5,2,5727,0.6681,2.2546,2.2194,-0.0352
BCHUSDT,0.5,0.5,3,5727,0.7624,2.2546,2.1938,-0.0608
BCHUSDT,0.5,0.5,5,5727,0.8488,2.2546,2.1528,-0.1018
BCHUSDT,0.5,1.0,2,5727,0.3635,2.2546,2.1268,-0.1278
BCHUSDT,0.5,1.0,3,5727,0.4887,2.2546,2.0993,-0.1554
BCHUSDT,0.5,1.0,5,5727,0.641,2.2546,2.0465,-0.2081
BCHUSDT,0.67,0.25,2,5727,0.8554,2.2546,2.2175,-0.0371
BCHUSDT,0.67,0.25,3,5727,0.9008,2.2546,2.2082,-0.0464
BCHUSDT,0.67,0.25,5,5727,0.9329,2.2546,2.1981,-0.0565
BCHUSDT,0.67,0.5,2,5727,0.6681,2.2546,2.2408,-0.0138
BCHUSDT,0.67,0.5,3,5727,0.7624,2.2546,2.2248,-0.0298
BCHUSDT,0.67,0.5,5,5727,0.8488,2.2546,2.1996,-0.055
BCHUSDT,0.67,1.0,2,5727,0.3635,2.2546,2.1923,-0.0623
BCHUSDT,0.67,1.0,3,5727,0.4887,2.2546,2.1777,-0.077
BCHUSDT,0.67,1.0,5,5727,0.641,2.2546,2.1489,-0.1057
LDOUSDT,0.33,0.25,2,2741,0.865,2.3804,2.0635,-0.3168
LDOUSDT,0.33,0.25,3,2741,0.9004,2.3804,2.0392,-0.3411
LDOUSDT,0.33,0.25,5,2741,0.9296,2.3804,2.0422,-0.3382
LDOUSDT,0.33,0.5,2,2741,0.6844,2.3804,2.0439,-0.3365
LDOUSDT,0.33,0.5,3,2741,0.7734,2.3804,2.0113,-0.3691
LDOUSDT,0.33,0.5,5,2741,0.8417,2.3804,2.0013,-0.3791
LDOUSDT,0.33,1.0,2,2741,0.367,2.3804,2.0774,-0.3029
LDOUSDT,0.33,1.0,3,2741,0.506,2.3804,2.0206,-0.3598
LDOUSDT,0.33,1.0,5,2741,0.6567,2.3804,1.9114,-0.469
LDOUSDT,0.5,0.25,2,2741,0.865,2.3804,2.1612,-0.2192
LDOUSDT,0.5,0.25,3,2741,0.9004,2.3804,2.1408,-0.2396
LDOUSDT,0.5,0.25,5,2741,0.9296,2.3804,2.1416,-0.2387
LDOUSDT,0.5,0.5,2,2741,0.6844,2.3804,2.1689,-0.2114
LDOUSDT,0.5,0.5,3,2741,0.7734,2.3804,2.1393,-0.2411
LDOUSDT,0.5,0.5,5,2741,0.8417,2.3804,2.1259,-0.2544
LDOUSDT,0.5,1.0,2,2741,0.367,2.3804,2.2393,-0.141
LDOUSDT,0.5,1.0,3,2741,0.506,2.3804,2.2076,-0.1728
LDOUSDT,0.5,1.0,5,2741,0.6567,2.3804,2.1294,-0.251
LDOUSDT,0.67,0.25,2,2741,0.865,2.3804,2.2459,-0.1344
LDOUSDT,0.67,0.25,3,2741,0.9004,2.3804,2.2315,-0.1489
LDOUSDT,0.67,0.25,5,2741,0.9296,2.3804,2.2314,-0.149
LDOUSDT,0.67,0.5,2,2741,0.6844,2.3804,2.2615,-0.1189
LDOUSDT,0.67,0.5,3,2741,0.7734,2.3804,2.2403,-0.1401
LDOUSDT,0.67,0.5,5,2741,0.8417,2.3804,2.2289,-0.1515
LDOUSDT,0.67,1.0,2,2741,0.367,2.3804,2.3163,-0.0641
LDOUSDT,0.67,1.0,3,2741,0.506,2.3804,2.3022,-0.0782
LDOUSDT,0.67,1.0,5,2741,0.6567,2.3804,2.2575,-0.1228
TRXUSDT,0.33,0.25,2,5669,0.8555,1.4196,1.3447,-0.075
TRXUSDT,0.33,0.25,3,5669,0.8989,1.4196,1.3232,-0.0965
TRXUSDT,0.33,0.25,5,5669,0.9312,1.4196,1.3158,-0.1038
TRXUSDT,0.33,0.5,2,5669,0.6816,1.4196,1.3419,-0.0777
TRXUSDT,0.33,0.5,3,5669,0.7714,1.4196,1.3288,-0.0909
TRXUSDT,0.33,0.5,5,5669,0.8525,1.4196,1.2958,-0.1238
TRXUSDT,0.33,1.0,2,5669,0.3674,1.4196,1.328,-0.0917
TRXUSDT,0.33,1.0,3,5669,0.4978,1.4196,1.2887,-0.1309
TRXUSDT,0.33,1.0,5,5669,0.6523,1.4196,1.2254,-0.1943
TRXUSDT,0.5,0.25,2,5669,0.8555,1.4196,1.3707,-0.0489
TRXUSDT,0.5,0.25,3,5669,0.8989,1.4196,1.3547,-0.065
TRXUSDT,0.5,0.25,5,5669,0.9312,1.4196,1.3485,-0.0711
TRXUSDT,0.5,0.5,2,5669,0.6816,1.4196,1.3761,-0.0435
TRXUSDT,0.5,0.5,3,5669,0.7714,1.4196,1.366,-0.0537
TRXUSDT,0.5,0.5,5,5669,0.8525,1.4196,1.3417,-0.0779
TRXUSDT,0.5,1.0,2,5669,0.3674,1.4196,1.3802,-0.0395
TRXUSDT,0.5,1.0,3,5669,0.4978,1.4196,1.3613,-0.0583
TRXUSDT,0.5,1.0,5,5669,0.6523,1.4196,1.3235,-0.0961
TRXUSDT,0.67,0.25,2,5669,0.8555,1.4196,1.3912,-0.0285
TRXUSDT,0.67,0.25,3,5669,0.8989,1.4196,1.3807,-0.0389
TRXUSDT,0.67,0.25,5,5669,0.9312,1.4196,1.3764,-0.0432
TRXUSDT,0.67,0.5,2,5669,0.6816,1.4196,1.3974,-0.0223
TRXUSDT,0.67,0.5,3,5669,0.7714,1.4196,1.3909,-0.0288
TRXUSDT,0.67,0.5,5,5669,0.8525,1.4196,1.3756,-0.044
TRXUSDT,0.67,1.0,2,5669,0.3674,1.4196,1.4025,-0.0171
TRXUSDT,0.67,1.0,3,5669,0.4978,1.4196,1.3941,-0.0256
TRXUSDT,0.67,1.0,5,5669,0.6523,1.4196,1.3745,-0.0452
