date,net_return
2020-02-03,0
2020-02-04,0
2020-02-05,0
2020-02-06,0
2020-02-07,0
2020-02-08,0
2020-02-09,0
2020-02-10,0
2020-02-11,0
2020-02-12,0
2020-02-13,0
2020-02-14,0
2020-02-15,0
2020-02-16,0
2020-02-17,0
2020-02-18,0
2020-02-19,0
2020-02-20,0
2020-02-21,0
2020-02-22,0
2020-02-23,0
2020-02-24,0
2020-02-25,0
2020-02-26,0
2020-02-27,0
2020-02-28,0
2020-02-29,0
2020-03-01,0
2020-03-02,0
2020-03-03,0
2020-03-04,0
2020-03-05,0
2020-03-06,0
2020-03-07,0
2020-03-08,0
2020-03-09,0
2020-03-10,0
2020-03-11,0
2020-03-12,0
2020-03-13,0
2020-03-14,0
2020-03-15,0
2020-03-16,0
2020-03-17,0
2020-03-18,0
2020-03-19,0
2020-03-20,0
2020-03-21,0
2020-03-22,0
2020-03-23,0
2020-03-24,0
2020-03-25,0
2020-03-26,0
2020-03-27,0
2020-03-28,0
2020-03-29,0
2020-03-30,0
2020-03-31,0
2020-04-01,0
2020-04-02,0
2020-04-03,0
2020-04-04,0
2020-04-05,0
2020-04-06,0
2020-04-07,0
2020-04-08,0
2020-04-09,0
2020-04-10,0
2020-04-11,0
2020-04-12,0
2020-04-13,0
2020-04-14,0
2020-04-15,0
2020-04-16,0
2020-04-17,0
2020-04-18,0
2020-04-19,0
2020-04-20,0
2020-04-21,0
2020-04-22,0
2020-04-23,0
2020-04-24,0
2020-04-25,0
2020-04-26,0
2020-04-27,0
2020-04-28,0
2020-04-29,0
2020-04-30,0
2020-05-01,0
2020-05-02,0
2020-05-03,0
2020-05-04,0
2020-05-05,0
2020-05-06,0
2020-05-07,0
2020-05-08,0
2020-05-09,0
2020-05-10,0
2020-05-11,0
2020-05-12,0
2020-05-13,0
2020-05-14,-0.0012417055225256712
2020-05-15,-0.0048094191379678408
2020-05-16,-0.0030878249108554634
2020-05-17,0.0054573358653928761
2020-05-18,0.0023170803734626766
2020-05-19,0.0027692133430183841
2020-05-20,0.00023405397612386025
2020-05-21,-0.0052135902049921246
2020-05-22,-0.0028877227138935924
2020-05-23,-0.00058766256918063586
2020-05-24,-0.0034673164832349501
2020-05-25,-0.0022771098911831267
2020-05-26,-0.0029420405443238984
2020-05-27,0.0026676535579190919
2020-05-28,0.010497093389355339
2020-05-29,-0.0020624484401977616
2020-05-30,0.010282819930584219
2020-05-31,0.00074331669355420793
2020-06-01,0.0071245679731504197
2020-06-02,0.0024309900779340143
2020-06-03,0.010940797267529057
2020-06-04,-6.6663309438830254e-05
2020-06-05,-0.0045261535557805654
2020-06-06,-0.002964160266396676
2020-06-07,0.0036568081280274889
2020-06-08,-0.0019214471062782845
2020-06-09,-0.0048402135160383608
2020-06-10,-0.0048095321507315436
2020-06-11,0.00068222587229782583
2020-06-12,-0.00036812068234048922
2020-06-13,-0.00016429715985866178
2020-06-14,0.00022225635444561576
2020-06-15,0.00019482852068475331
2020-06-16,-0.00029297752300816438
2020-06-17,0.00016463483520157141
2020-06-18,-7.9603399724126334e-06
2020-06-19,0
2020-06-20,0
2020-06-21,0
2020-06-22,0
2020-06-23,0
2020-06-24,0
2020-06-25,0
2020-06-26,0
2020-06-27,0
2020-06-28,0
2020-06-29,0
2020-06-30,0
2020-07-01,0
2020-07-02,0
2020-07-03,0
2020-07-04,0
2020-07-05,0
2020-07-06,0
2020-07-07,0
2020-07-08,0
2020-07-09,0
2020-07-10,0
2020-07-11,0
2020-07-12,0
2020-07-13,0
2020-07-14,0
2020-07-15,0
2020-07-16,0
2020-07-17,0
2020-07-18,0
2020-07-19,0
2020-07-20,0
2020-07-21,0
2020-07-22,0
2020-07-23,0
2020-07-24,0
2020-07-25,0
2020-07-26,0
2020-07-27,0
2020-07-28,0
2020-07-29,0
2020-07-30,0.0036763289954107048
2020-07-31,0.0065457781840829732
2020-08-01,0.015241558389140319
2020-08-02,0.0055909393683575281
2020-08-03,0.0027774117948440313
2020-08-04,0.0008863747533665034
2020-08-05,0.012509776538143891
2020-08-06,-0.00026941435749272546
2020-08-07,0
2020-08-08,0
2020-08-09,0
2020-08-10,0
2020-08-11,0
2020-08-12,0
2020-08-13,0.010319987165657407
2020-08-14,-0.0066748351801166894
2020-08-15,-0.0030040732712024454
2020-08-16,-0.0092383702463076922
2020-08-17,-0.0052178517432003302
2020-08-18,-0.0077540274660151676
2020-08-19,0.005689895814660284
2020-08-20,-0.020570025855686791
2020-08-21,-0.011199866621467325
2020-08-22,-0.0022282414317665866
2020-08-23,0.00011409496085090787
2020-08-24,-0.0086418271545443126
2020-08-25,0.0092874590057170359
2020-08-26,0.0023585118327376087
2020-08-27,0.0044022159418479756
2020-08-28,0.00097566293800288584
2020-08-29,0.00097728263525964643
2020-08-30,0.0079815810042163093
2020-08-31,-0.00034479960568445378
2020-09-01,0.01243428539057545
2020-09-02,-0.0057944182232234631
2020-09-03,0.0020917896481866816
2020-09-04,-0.0043585169187407846
2020-09-05,-0.0060816703894964741
2020-09-06,0.0059985774661539537
2020-09-07,-0.0025733744512269618
2020-09-08,-0.0098525288051166671
2020-09-09,0.0067101553526325297
2020-09-10,-0.01042617551983871
2020-09-11,0.0015977951917782729
2020-09-12,0.005672115908133657
2020-09-13,0.0072880129020505002
2020-09-14,0.0023837013579206534
2020-09-15,-0.0041534468872010954
2020-09-16,-0.0027225793115460695
2020-09-17,0.013413980734104269
2020-09-18,-0.00096703858808877552
2020-09-19,-0.0053293826455101945
2020-09-20,0.0011357846976320918
2020-09-21,0.0050229352379134173
2020-09-22,-0.0010119725466716245
2020-09-23,-0.00021430373277109283
2020-09-24,0.014408829785362176
2020-09-25,-0.00066491284557057551
2020-09-26,-0.0043715857345628661
2020-09-27,0.010545018031628439
2020-09-28,-0.0051474941332597668
2020-09-29,-0.0057776173224890481
2020-09-30,-0.011614991835619537
2020-10-01,0.0020573102776435537
2020-10-02,0.0029288532228488595
2020-10-03,0.004421916156702288
2020-10-04,-0.0041510880066610856
2020-10-05,0.0010346778799945611
2020-10-06,-0.0078821365432344415
2020-10-07,-0.0012517518857120269
2020-10-08,0.0022633138387173624
2020-10-09,0.0016404751424472508
2020-10-10,0.0067211428224271952
2020-10-11,8.5410460816559564e-05
2020-10-12,0.0061660864971977425
2020-10-13,-0.003778824800912961
2020-10-14,-0.0050427261576320159
2020-10-15,-0.00061244593571629924
2020-10-16,-0.0046546898930743819
2020-10-17,-0.008005081210772258
2020-10-18,0.0050519148996193142
2020-10-19,-0.0044102508457541933
2020-10-20,0.0016040658715628098
2020-10-21,0.0025447860974017189
2020-10-22,0.0054003089854335329
2020-10-23,0.0043015101391346011
2020-10-24,0.0059432014426419322
2020-10-25,-0.0037929740826934122
2020-10-26,0.0021226839147110432
2020-10-27,0.0043127363782358152
2020-10-28,-0.00087530175015682055
2020-10-29,-0.0008977029154464411
2020-10-30,-0.0047809611205090752
2020-10-31,0.0084188446718338472
2020-11-01,-0.0018444422335388566
2020-11-02,-0.0054589129366469091
2020-11-03,0.005671656135042058
2020-11-04,0.00065864631953860275
2020-11-05,0.0032455870886927141
2020-11-06,-0.011698300251688831
2020-11-07,-0.0035380923459593649
2020-11-08,-0.0043464891465875288
2020-11-09,-0.0019217615047075753
2020-11-10,-0.0081628963148273614
2020-11-11,0.013097616715161076
2020-11-12,-0.00041683513391310711
2020-11-13,0
2020-11-14,0
2020-11-15,0
2020-11-16,0
2020-11-17,0
2020-11-18,0
2020-11-19,0
2020-11-20,0
2020-11-21,0
2020-11-22,0
2020-11-23,0
2020-11-24,0
2020-11-25,0
2020-11-26,0
2020-11-27,0
2020-11-28,0
2020-11-29,0
2020-11-30,0
2020-12-01,0
2020-12-02,0
2020-12-03,0
2020-12-04,0
2020-12-05,0
2020-12-06,0
2020-12-07,0
2020-12-08,0
2020-12-09,0
2020-12-10,-0.0021230895127386518
2020-12-11,-0.0023616415212556197
2020-12-12,0.0013852413130954755
2020-12-13,0.0054487842913504281
2020-12-14,-0.0017536722631623647
2020-12-15,-0.010281124922364993
2020-12-16,0.013089828196751307
2020-12-17,-0.00038470801676648847
2020-12-18,0
2020-12-19,0
2020-12-20,0
2020-12-21,0
2020-12-22,0
2020-12-23,0
2020-12-24,0
2020-12-25,0
2020-12-26,0
2020-12-27,0
2020-12-28,0
2020-12-29,0
2020-12-30,0
2020-12-31,0
2021-01-01,0
2021-01-02,0
2021-01-03,0
2021-01-04,0
2021-01-05,0
2021-01-06,0
2021-01-07,-0.036548005287684315
2021-01-08,-0.017022923240122001
2021-01-09,-0.010339015518727179
2021-01-10,-0.023900089728115859
2021-01-11,0.013339728541333695
2021-01-12,-0.013391992276024167
2021-01-13,0.0084317410824321648
2021-01-14,0.0069321619480244845
2021-01-15,-0.0032786194323581874
2021-01-16,0.019814767731223037
2021-01-17,-0.0025123005595549808
2021-01-18,-0.0038591803417176163
2021-01-19,0.0019145973913390346
2021-01-20,0.0081203769391060554
2021-01-21,-0.0073203802502671556
2021-01-22,0.012940908949887309
2021-01-23,0.0043645514307708577
2021-01-24,0.016232876648269556
2021-01-25,-0.00803664825335626
2021-01-26,0.007581277049842905
2021-01-27,-0.013989245682290319
2021-01-28,0.0031456401768452658
2021-01-29,-0.00064597620563089375
2021-01-30,-0.0067413873075988784
2021-01-31,-0.011374564572635637
2021-02-01,0.03028187294310869
2021-02-02,-0.0035280593909484681
2021-02-03,0.016532396330700028
2021-02-04,0.013509455423821981
2021-02-05,-0.00287496932865694
2021-02-06,0.014110186657782631
2021-02-07,0.019574513638608959
2021-02-08,0.0038478725193535901
2021-02-09,-0.022129297993894959
2021-02-10,0.060208121939069548
2021-02-11,-0.013774960262195712
2021-02-12,-0.0039564000025589241
2021-02-13,-0.036527351421812848
2021-02-14,0.0035946283597148021
2021-02-15,0.019853394518299705
2021-02-16,0.0044886170527995706
2021-02-17,0.0050019433522381362
2021-02-18,-0.0078288597029664286
2021-02-19,-0.016577575900012964
2021-02-20,0.046038097146310797
2021-02-21,-0.0083073978683486649
2021-02-22,0.0038205157061106387
2021-02-23,0.017657482403121039
2021-02-24,0.0012476086155610577
2021-02-25,-0.0065855139341721713
2021-02-26,0.0070049530184184139
2021-02-27,0.00043022932153169435
2021-02-28,0.0060564771707343201
2021-03-01,0.0037596409392102181
2021-03-02,-0.0045167682829210243
2021-03-03,-0.010748533255770965
2021-03-04,0.00080694255063695763
2021-03-05,-0.001772063063990581
2021-03-06,-0.0033124133268831457
2021-03-07,0.0089911532122559645
2021-03-08,-0.0081769065153107778
2021-03-09,0.014177535863041602
2021-03-10,-0.016193994757948693
2021-03-11,0.0040297070920840561
2021-03-12,-0.0080907749719779654
2021-03-13,0.0010273293864351274
2021-03-14,0.00019263484434572931
2021-03-15,0.0022372625118816103
2021-03-16,0.003476393733293337
2021-03-17,0.0044384138943724949
2021-03-18,0.00099914032684567111
2021-03-19,-0.0017583411996816567
2021-03-20,-0.007952284330522752
2021-03-21,0.0016741532010535742
2021-03-22,0.0037515848858968859
2021-03-23,-0.0071984861375966602
2021-03-24,0.0074037977740093464
2021-03-25,-0.0016227244133362184
2021-03-26,0.0039249277604858079
2021-03-27,0.0015669222338416944
2021-03-28,0.0039594822766599869
2021-03-29,-0.0026955916586258732
2021-03-30,-0.0014545644427468307
2021-03-31,-0.023895515778780685
2021-04-01,-0.011077610390778481
2021-04-02,-0.007369627131306844
2021-04-03,0.022196242466596017
2021-04-04,-0.013979468423824581
2021-04-05,-0.018896055002857182
2021-04-06,-0.0031703146369325141
2021-04-07,0.018629734594092007
2021-04-08,-0.0012437869587360595
2021-04-09,0.0079738567642901881
2021-04-10,-0.018529802943506368
2021-04-11,0.0085797001903329395
2021-04-12,0.0071953210241362253
2021-04-13,-0.003846489190225566
2021-04-14,0.010878926788097765
2021-04-15,0.0011746377354191484
2021-04-16,0.010047481328099073
2021-04-17,-0.018436503962548367
2021-04-18,0.01729500198729661
2021-04-19,0.036421912797339973
2021-04-20,-0.016343302191899056
2021-04-21,0.0025688783338917442
2021-04-22,0.0079970433158844667
2021-04-23,-0.004460815864438028
2021-04-24,0.0078112119928845924
2021-04-25,0.0076013877912175509
2021-04-26,-0.0018002606905108687
2021-04-27,0.0010455266595910118
2021-04-28,0.0059609725386378098
2021-04-29,0.00070148801863312293
2021-04-30,-0.0027690146900707369
2021-05-01,0.00065941659129720165
2021-05-02,0.004386769977781757
2021-05-03,0.0044218360345467111
2021-05-04,-0.011949241352789741
2021-05-05,-0.017868684310979654
2021-05-06,-0.00031119483292485484
2021-05-07,0
2021-05-08,0
2021-05-09,0
2021-05-10,0
2021-05-11,0
2021-05-12,0
2021-05-13,0
2021-05-14,0
2021-05-15,0
2021-05-16,0
2021-05-17,0
2021-05-18,0
2021-05-19,0
2021-05-20,0
2021-05-21,0
2021-05-22,0
2021-05-23,0
2021-05-24,0
2021-05-25,0
2021-05-26,0
2021-05-27,-0.013797939899157341
2021-05-28,0.0050538665925634607
2021-05-29,0.00063607390501951855
2021-05-30,0.0029160025435162051
2021-05-31,0.00084239396451568638
2021-06-01,0.0024733032063339877
2021-06-02,-0.010442458873164195
2021-06-03,0.003083509223681169
2021-06-04,0.0020454525478892371
2021-06-05,-0.0022223012033674161
2021-06-06,-0.0028726230617419635
2021-06-07,0.0068813395258437993
2021-06-08,0.0068772978537434692
2021-06-09,-0.0028098193942962535
2021-06-10,-0.00029955791137659116
2021-06-11,0
2021-06-12,0
2021-06-13,0
2021-06-14,0
2021-06-15,0
2021-06-16,0
2021-06-17,0
2021-06-18,0
2021-06-19,0
2021-06-20,0
2021-06-21,0
2021-06-22,0
2021-06-23,0
2021-06-24,0
2021-06-25,0
2021-06-26,0
2021-06-27,0
2021-06-28,0
2021-06-29,0
2021-06-30,0
2021-07-01,0
2021-07-02,0
2021-07-03,0
2021-07-04,0
2021-07-05,0
2021-07-06,0
2021-07-07,0
2021-07-08,0
2021-07-09,0
2021-07-10,0
2021-07-11,0
2021-07-12,0
2021-07-13,0
2021-07-14,0
2021-07-15,0
2021-07-16,0
2021-07-17,0
2021-07-18,0
2021-07-19,0
2021-07-20,0
2021-07-21,0
2021-07-22,0
2021-07-23,0
2021-07-24,0
2021-07-25,0
2021-07-26,0
2021-07-27,0
2021-07-28,0
2021-07-29,0
2021-07-30,0
2021-07-31,0
2021-08-01,0
2021-08-02,0
2021-08-03,0
2021-08-04,0
2021-08-05,0
2021-08-06,0
2021-08-07,0
2021-08-08,0
2021-08-09,0
2021-08-10,0
2021-08-11,0
2021-08-12,0
2021-08-13,0
2021-08-14,0
2021-08-15,0
2021-08-16,0
2021-08-17,0
2021-08-18,0
2021-08-19,-0.0099434338468790129
2021-08-20,0.00080945300800738806
2021-08-21,0.0079505148591891839
2021-08-22,-0.0084008724046802374
2021-08-23,0.0097591629874156371
2021-08-24,0.0096427336336362135
2021-08-25,0.011039870502631111
2021-08-26,0.0049157089529965337
2021-08-27,0.0084668739751534439
2021-08-28,0.0053868871334450397
2021-08-29,0.0010307460173464289
2021-08-30,0.011251677593960618
2021-08-31,-0.0034554497578626053
2021-09-01,-0.003598654601283946
2021-09-02,0.0027294614566657494
2021-09-03,-0.0042611773198587555
2021-09-04,-0.010404794573986687
2021-09-05,-0.0056869220362963935
2021-09-06,-0.0080136914698848427
2021-09-07,0.0040166249373134733
2021-09-08,0.0029616100269738155
2021-09-09,-0.0074757690030744506
2021-09-10,0.0063845236766661984
2021-09-11,0.0036162301103592753
2021-09-12,-0.016896216098544081
2021-09-13,-0.0027368460379786352
2021-09-14,-0.0013512900173555664
2021-09-15,0.0046642459531220926
2021-09-16,-0.0032774583396326662
2021-09-17,0.00080788654161256801
2021-09-18,8.5413427949765364e-05
2021-09-19,-0.0019410671508776067
2021-09-20,-0.0052795896676774978
2021-09-21,-0.0053403501191668923
2021-09-22,0.012267670773685291
2021-09-23,0.003577393882625568
2021-09-24,0.005716066868993952
2021-09-25,0.00087022462848107551
2021-09-26,-0.0011006811627661817
2021-09-27,0.0090086280648757899
2021-09-28,0.0020287150733424575
2021-09-29,-0.00065292019587626093
2021-09-30,-0.0039564627003716435
2021-10-01,-0.0086409390021849886
2021-10-02,0.0065753463168043425
2021-10-03,0.00038898864586123238
2021-10-04,0.0012488949682532002
2021-10-05,-0.013606682871799336
2021-10-06,-0.0045828379184530421
2021-10-07,0.012755045717730562
2021-10-08,0.02316399868176644
2021-10-09,-0.013180270603113886
2021-10-10,0.011582749685996374
2021-10-11,0.00082398555182439104
2021-10-12,-0.0029334554807671775
2021-10-13,-0.0099124092925022556
2021-10-14,0.0026950077389114035
2021-10-15,0.001826014730438974
2021-10-16,4.4001269656090969e-05
2021-10-17,0.010854614508942317
2021-10-18,-0.0017554338972536332
2021-10-19,0.0039464680146710229
2021-10-20,0.0016999210179937663
2021-10-21,0.0052565093415297692
2021-10-22,0.0014377290080118676
2021-10-23,-0.0054345663096895258
2021-10-24,0.012800133366805078
2021-10-25,0.017266598025889923
2021-10-26,9.5027524215973713e-05
2021-10-27,0.0012423662221863196
2021-10-28,-0.0081995804115116977
2021-10-29,-0.012828469831081546
2021-10-30,-0.02298544942036751
2021-10-31,0.0057092587922860094
2021-11-01,-0.0013063020202372932
2021-11-02,-0.00068924738675524289
2021-11-03,0.008258924766589848
2021-11-04,0.0010722788300723263
2021-11-05,-0.0014983464837265981
2021-11-06,0.0065551341508098826
2021-11-07,-0.0054047216435962886
2021-11-08,0.0010652955901571115
2021-11-09,-0.012230925096522904
2021-11-10,0.0091329083247273513
2021-11-11,0.0076333585738099785
2021-11-12,0.0041698725410568294
2021-11-13,-0.0045881557585023547
2021-11-14,0.00047610865846903216
2021-11-15,-0.0011288228713415283
2021-11-16,-0.004728228500483711
2021-11-17,-0.0020145200875886227
2021-11-18,-0.0076517943694278667
2021-11-19,0.006126067726327733
2021-11-20,0.0028630784289338518
2021-11-21,-0.00037868236002724931
2021-11-22,-0.00427138611418032
2021-11-23,0.0035523237703971589
2021-11-24,-0.0079625799597529134
2021-11-25,-0.015310228517494084
2021-11-26,-0.0028114782801562654
2021-11-27,-0.0046342665406325922
2021-11-28,0.0021612636086316694
2021-11-29,-0.00066676517750652309
2021-11-30,-0.00033729461377418612
2021-12-01,-0.0049984099838042972
2021-12-02,-0.0001180554539375045
2021-12-03,-0.0059201259485647251
2021-12-04,0.022090525617075807
2021-12-05,-0.0061433668464014879
2021-12-06,0.0041899735658763593
2021-12-07,-0.0030832119343247033
2021-12-08,3.0824853389788132e-05
2021-12-09,0.005262091762824106
2021-12-10,-0.0030407999397958907
2021-12-11,-0.0046534314531857524
2021-12-12,-0.00035824501581072088
2021-12-13,-0.0026159317775128477
2021-12-14,0.00066562677631831768
2021-12-15,0.010192380943021995
2021-12-16,0.0034094907881780934
2021-12-17,0.011248726977431955
2021-12-18,0.0043968823325069017
2021-12-19,0.0011197534652001018
2021-12-20,0.0014455278304961183
2021-12-21,0.0037856615303426544
2021-12-22,-0.0036371182749185271
2021-12-23,0.0047791765375098105
2021-12-24,-0.0039902557174349429
2021-12-25,0.0027632120112943692
2021-12-26,0.0033687404500051255
2021-12-27,-0.0097263423783630065
2021-12-28,0.0051071881374673556
2021-12-29,0.0031831604678536074
2021-12-30,-0.0018182988122806831
2021-12-31,0.0021712625311172129
2022-01-01,-0.0047389913452221544
2022-01-02,-0.0051120464160826495
2022-01-03,-0.010757617606463432
2022-01-04,-0.018906966106960521
2022-01-05,-0.0007011827499127099
2022-01-06,0.0053061722398353162
2022-01-07,-0.011718333558602079
2022-01-08,-0.0017553933892808793
2022-01-09,0.0018618857937398037
2022-01-10,0.0011129840876540342
2022-01-11,0.0026045567568404593
2022-01-12,0.005222235847121004
2022-01-13,-0.0011653222378282813
2022-01-14,-0.0030819349439243915
2022-01-15,-0.0049560168905924407
2022-01-16,0.00083060448536431686
2022-01-17,-0.0026782807572687251
2022-01-18,0.0043795547941334334
2022-01-19,0.0026540339174681016
2022-01-20,-0.0022809925977023138
2022-01-21,-0.015182568255834417
2022-01-22,0.012723913312976842
2022-01-23,0.0087332894517153647
2022-01-24,-0.00076601658891950475
2022-01-25,0.0040012412365266758
2022-01-26,-0.0017969591553584907
2022-01-27,0.0042949485109209373
2022-01-28,-0.0017869334215300237
2022-01-29,0.0045976574313248975
2022-01-30,-0.00058570165337912261
2022-01-31,0.0089501220709091722
2022-02-01,0.00080160445300836436
2022-02-02,-0.010766866137490338
2022-02-03,0.0054953113466449377
2022-02-04,0.0014438114582977501
2022-02-05,-0.0031782351969111833
2022-02-06,-0.011617469005267722
2022-02-07,0.0013154067457497032
2022-02-08,0.0088438807872890379
2022-02-09,0.0014296690662625178
2022-02-10,-0.0074868550498302655
2022-02-11,0.0027374256424423926
2022-02-12,0.00027268243489997346
2022-02-13,0.0017583857756000576
2022-02-14,-0.0008225336969406305
2022-02-15,0.0034462223153035598
2022-02-16,-0.0055812448560889072
2022-02-17,-0.00033493177994192713
2022-02-18,0
2022-02-19,0
2022-02-20,0
2022-02-21,0
2022-02-22,0
2022-02-23,0
2022-02-24,0
2022-02-25,0
2022-02-26,0
2022-02-27,0
2022-02-28,0
2022-03-01,0
2022-03-02,0
2022-03-03,0.0038143035062450092
2022-03-04,0.00053580063745317652
2022-03-05,-0.0015224866538335879
2022-03-06,0.0011247511329630644
2022-03-07,0.0020239306125298118
2022-03-08,0.0012898610007801015
2022-03-09,0.0029162880668291979
2022-03-10,-0.00029679967639650862
2022-03-11,0
2022-03-12,0
2022-03-13,0
2022-03-14,0
2022-03-15,0
2022-03-16,0
2022-03-17,0
2022-03-18,0
2022-03-19,0
2022-03-20,0
2022-03-21,0
2022-03-22,0
2022-03-23,0
2022-03-24,0
2022-03-25,0
2022-03-26,0
2022-03-27,0
2022-03-28,0
2022-03-29,0
2022-03-30,0
2022-03-31,-0.007352828005199763
2022-04-01,0.0032626713886134695
2022-04-02,-0.0027778018637091284
2022-04-03,-0.0022264603464066113
2022-04-04,0.0030506185769549887
2022-04-05,0.00012468941392174138
2022-04-06,0.0046855422030078753
2022-04-07,-0.00029288870643795484
2022-04-08,0
2022-04-09,0
2022-04-10,0
2022-04-11,0
2022-04-12,0
2022-04-13,0
2022-04-14,0.0045732130829725381
2022-04-15,0.0053010911479480782
2022-04-16,-0.0059684208321169052
2022-04-17,0.0056235547553686871
2022-04-18,0.0015100853419431903
2022-04-19,0.003830460028006577
2022-04-20,7.9170624445845661e-05
2022-04-21,-0.00035956360324518322
2022-04-22,0
2022-04-23,0
2022-04-24,0
2022-04-25,0
2022-04-26,0
2022-04-27,0
2022-04-28,0
2022-04-29,0
2022-04-30,0
2022-05-01,0
2022-05-02,0
2022-05-03,0
2022-05-04,0
2022-05-05,0
2022-05-06,0
2022-05-07,0
2022-05-08,0
2022-05-09,0
2022-05-10,0
2022-05-11,0
2022-05-12,0
2022-05-13,0
2022-05-14,0
2022-05-15,0
2022-05-16,0
2022-05-17,0
2022-05-18,0
2022-05-19,0
2022-05-20,0
2022-05-21,0
2022-05-22,0
2022-05-23,0
2022-05-24,0
2022-05-25,0
2022-05-26,0
2022-05-27,0
2022-05-28,0
2022-05-29,0
2022-05-30,0
2022-05-31,0
2022-06-01,0
2022-06-02,0
2022-06-03,0
2022-06-04,0
2022-06-05,0
2022-06-06,0
2022-06-07,0
2022-06-08,0
2022-06-09,0
2022-06-10,0
2022-06-11,0
2022-06-12,0
2022-06-13,0
2022-06-14,0
2022-06-15,0
2022-06-16,-0.0044112356352594695
2022-06-17,0.0053220170773002895
2022-06-18,-0.0038791003949482095
2022-06-19,-0.0034085690891265674
2022-06-20,0.0082312358881353465
2022-06-21,0.00040721915912778073
2022-06-22,-0.012305648464804086
2022-06-23,-0.00019710718539833749
2022-06-24,0
2022-06-25,0
2022-06-26,0
2022-06-27,0
2022-06-28,0
2022-06-29,0
2022-06-30,0
2022-07-01,0
2022-07-02,0
2022-07-03,0
2022-07-04,0
2022-07-05,0
2022-07-06,0
2022-07-07,0
2022-07-08,0
2022-07-09,0
2022-07-10,0
2022-07-11,0
2022-07-12,0
2022-07-13,0
2022-07-14,0
2022-07-15,0
2022-07-16,0
2022-07-17,0
2022-07-18,0
2022-07-19,0
2022-07-20,0
2022-07-21,0
2022-07-22,0
2022-07-23,0
2022-07-24,0
2022-07-25,0
2022-07-26,0
2022-07-27,0
2022-07-28,-0.0022581800222921666
2022-07-29,-0.0081552880046608101
2022-07-30,-0.015408234334512994
2022-07-31,-0.011999460653384753
2022-08-01,-0.00098004895886105725
2022-08-02,0.0040348370471261497
2022-08-03,0.0051743399095462994
2022-08-04,-0.00039527833187436023
2022-08-05,0
2022-08-06,0
2022-08-07,0
2022-08-08,0
2022-08-09,0
2022-08-10,0
2022-08-11,-0.0071604407668385273
2022-08-12,-0.0025092109953422925
2022-08-13,0.0010535530082649291
2022-08-14,0.00054982170291584254
2022-08-15,-0.0041470722727697806
2022-08-16,-0.0017044936477201844
2022-08-17,0.014858865581070635
2022-08-18,0.0070747241992474841
2022-08-19,-0.00050020677002948766
2022-08-20,0.0032065130021905475
2022-08-21,0.0047646720140295251
2022-08-22,0.0019173731643442604
2022-08-23,-0.0055210800050963238
2022-08-24,-0.0023545428904669929
2022-08-25,-0.00030968960902866272
2022-08-26,0
2022-08-27,0
2022-08-28,0
2022-08-29,0
2022-08-30,0
2022-08-31,0
2022-09-01,0.0055166184061277157
2022-09-02,0.00118108807086581
2022-09-03,-0.0067318866429710855
2022-09-04,0.00060467563298849392
2022-09-05,0.012165585435158777
2022-09-06,-0.00093098762732102269
2022-09-07,0.004560796530500788
2022-09-08,-0.005429788055124618
2022-09-09,-0.00068751943684863814
2022-09-10,0.0044163834359833842
2022-09-11,-0.0045773367441243051
2022-09-12,0.00055917702809438197
2022-09-13,0.0046238386502743811
2022-09-14,0.0077483986103656921
2022-09-15,-0.0028359293653321682
2022-09-16,0.002322656981040172
2022-09-17,-0.0002953985403054693
2022-09-18,0.0043735020054920248
2022-09-19,0.0045885915420631473
2022-09-20,-0.0078737229538737852
2022-09-21,-0.0032643897842069558
2022-09-22,0.0063204704986266069
2022-09-23,-0.005984042024896552
2022-09-24,0.0035952286431144564
2022-09-25,-0.00012048199613023947
2022-09-26,-0.0011770477627019993
2022-09-27,-0.003884907647875524
2022-09-28,-0.0006776531948824438
2022-09-29,0.0012526410249849018
2022-09-30,-0.0010883107260032387
2022-10-01,-0.0005404943663795958
2022-10-02,-0.0028383719410723929
2022-10-03,0.0051625034138940151
2022-10-04,-0.00018782828496188841
2022-10-05,0.0010925399074590558
2022-10-06,0.0042833684084833124
2022-10-07,0.00099470913474308809
2022-10-08,0.0016335522447377127
2022-10-09,0.0017872646708367856
2022-10-10,-0.0076831698256635272
2022-10-11,-8.9418375170180475e-05
2022-10-12,0.00037665615772675132
2022-10-13,0.0047690189969900043
2022-10-14,0.0036553519486093311
2022-10-15,-0.0039067059799934301
2022-10-16,-0.00022113144961766196
2022-10-17,-0.00037767504923635897
2022-10-18,0.0038656697685381936
2022-10-19,0.0012092116998787539
2022-10-20,-0.0036537849895412755
2022-10-21,0.0040507793654420698
2022-10-22,0.0012798090230818904
2022-10-23,-0.0012017244519065828
2022-10-24,0.001552045354996201
2022-10-25,0.0019709317074150245
2022-10-26,0.0034007886815401456
2022-10-27,-0.0041528047146572877
2022-10-28,0.00098535278032874096
2022-10-29,0.00092358933485803263
2022-10-30,0.0029264843170568877
2022-10-31,-0.0042242509804534256
2022-11-01,0.0014568211450478596
2022-11-02,0.0055803673504246643
2022-11-03,-0.0071322722744959766
2022-11-04,0.00096090591852027174
2022-11-05,-0.0087468522597656806
2022-11-06,0.0032385039321745079
2022-11-07,-0.0051142998962870889
2022-11-08,-0.0046751754799501111
2022-11-09,0.0038581355630917802
2022-11-10,-0.0064605586313480901
2022-11-11,0.010829120617257049
2022-11-12,-0.001989981208094127
2022-11-13,0.0044204495109727571
2022-11-14,0.005012234573863239
2022-11-15,0.0013678167808581776
2022-11-16,-0.0048003132914901103
2022-11-17,-0.00039972928974352229
2022-11-18,0
2022-11-19,0
2022-11-20,0
2022-11-21,0
2022-11-22,0
2022-11-23,0
2022-11-24,0.0021987295932139883
2022-11-25,-0.0036143717828382993
2022-11-26,0.0046371644709093385
2022-11-27,-0.0038037865767144297
2022-11-28,-0.00034622591409416703
2022-11-29,-0.0016168497914463842
2022-11-30,0.00072443682054545988
2022-12-01,0.0059002297335950527
2022-12-02,-0.001892309380418622
2022-12-03,0.00057064647726079443
2022-12-04,0.00092002279962244415
2022-12-05,-0.013725066960054155
2022-12-06,-0.0036900274773240538
2022-12-07,-0.002489246332405548
2022-12-08,0.008158943722406109
2022-12-09,-0.0028712240204519235
2022-12-10,-0.0016726989892055233
2022-12-11,0.00076984738669705344
2022-12-12,0.0055610673360351193
2022-12-13,-0.00047843871719366327
2022-12-14,-0.0014499883250111978
2022-12-15,0.0016316259052877591
2022-12-16,0.0067401049135213942
2022-12-17,-0.0025944278851816049
2022-12-18,0.0033577686663119888
2022-12-19,0.0015902911441285639
2022-12-20,-0.00036368079891413441
2022-12-21,-0.0018614527083256061
2022-12-22,-0.00037683820799905288
2022-12-23,0
2022-12-24,0
2022-12-25,0
2022-12-26,0
2022-12-27,0
2022-12-28,0
2022-12-29,0.0063715662458667666
2022-12-30,-0.00026115905425017072
2022-12-31,0.0015721639385219977
2023-01-01,-0.0043536733088183066
2023-01-02,0.00073092496503868176
2023-01-03,2.8712257342577985e-05
2023-01-04,-0.0057977240583536593
2023-01-05,-0.0028556615221320136
2023-01-06,0.0018704871252022137
2023-01-07,-0.0020999587173864409
2023-01-08,-0.0039819051091249946
2023-01-09,-0.0060799627043094384
2023-01-10,-0.0033211180673906604
2023-01-11,0.014287816936740638
2023-01-12,-0.0072380277675059279
2023-01-13,-0.0022010706598342145
2023-01-14,-0.014524288084967529
2023-01-15,-0.0053823630445115622
2023-01-16,0.0044913287886487741
2023-01-17,-0.0020984565110420128
2023-01-18,0.002890796147612118
2023-01-19,0.00043231192185899658
2023-01-20,0.0024440913079533111
2023-01-21,-0.0078796514967433007
2023-01-22,-0.013618705641419093
2023-01-23,-0.0002537648262513903
2023-01-24,0.0016511136938124338
2023-01-25,0.00090178592544809533
2023-01-26,0.010295781343011567
2023-01-27,0.0049437845373985212
2023-01-28,-0.0016263984825840572
2023-01-29,0.0040933195978967163
2023-01-30,0.0066265783714585247
2023-01-31,0.013638369718160348
2023-02-01,0.012028949822748602
2023-02-02,-0.0004000081392711019
2023-02-03,0
2023-02-04,0
2023-02-05,0
2023-02-06,0
2023-02-07,0
2023-02-08,0
2023-02-09,0.010418490537252412
2023-02-10,-0.0042562115484822138
2023-02-11,-0.0029274324472864377
2023-02-12,0.002922062677404913
2023-02-13,0.0024870802680758697
2023-02-14,0.004945213004244442
2023-02-15,0.0025819288708441857
2023-02-16,-0.0024137626509973531
2023-02-17,-0.0069437121384917644
2023-02-18,0.00069874803971647914
2023-02-19,-0.015893179133760094
2023-02-20,-0.0016570501336690135
2023-02-21,7.2652155868713209e-05
2023-02-22,0.0052374898648379631
2023-02-23,0.00074107284953250918
2023-02-24,0.0025771767894555708
2023-02-25,-0.0052201224686855285
2023-02-26,0.0047890930958902622
2023-02-27,0.00017391756161111438
2023-02-28,-0.0071120153520503049
2023-03-01,-0.00351728143051111
2023-03-02,0.0017399086686955556
2023-03-03,0.003756307969661643
2023-03-04,-0.0018677608457242645
2023-03-05,-0.00049395398962615022
2023-03-06,-0.0021216641205599185
2023-03-07,-0.0013631138885795702
2023-03-08,-0.0038351839386604469
2023-03-09,0.011937593562763471
2023-03-10,0.0009542661248822526
2023-03-11,-0.0033122126788989181
2023-03-12,0.0045344206402238019
2023-03-13,-0.0013449391306227243
2023-03-14,-0.00078237897953759017
2023-03-15,-0.002683282157086686
2023-03-16,-0.0042070890321392884
2023-03-17,-0.0028170548200904255
2023-03-18,-0.0012697892104840403
2023-03-19,-0.0029210858920983851
2023-03-20,0.0020636753353291404
2023-03-21,0.0028253126937878292
2023-03-22,0.0071342965545238002
2023-03-23,-0.00036364578924574786
2023-03-24,0
2023-03-25,0
2023-03-26,0
2023-03-27,0
2023-03-28,0
2023-03-29,0
2023-03-30,0.0018443508578547263
2023-03-31,0.00076090913131454663
2023-04-01,-0.0046568488583075274
2023-04-02,0.0039434339172823574
2023-04-03,-0.010790811043662085
2023-04-04,0.0042727901002224122
2023-04-05,0.00053726178026169968
2023-04-06,-0.00035499669062066808
2023-04-07,0
2023-04-08,0
2023-04-09,0
2023-04-10,0
2023-04-11,0
2023-04-12,0
2023-04-13,0
2023-04-14,0
2023-04-15,0
2023-04-16,0
2023-04-17,0
2023-04-18,0
2023-04-19,0
2023-04-20,0.0016091492053620371
2023-04-21,-0.0011742389765139194
2023-04-22,-0.0039979675599194353
2023-04-23,0.0027063230652675241
2023-04-24,0.00069684200104758176
2023-04-25,0.0073374049681012021
2023-04-26,-0.0012816482435847876
2023-04-27,-0.00038559981595298609
2023-04-28,0
2023-04-29,0
2023-04-30,0
2023-05-01,0
2023-05-02,0
2023-05-03,0
2023-05-04,0
2023-05-05,0
2023-05-06,0
2023-05-07,0
2023-05-08,0
2023-05-09,0
2023-05-10,0
2023-05-11,0
2023-05-12,0
2023-05-13,0
2023-05-14,0
2023-05-15,0
2023-05-16,0
2023-05-17,0
2023-05-18,-0.0038921113268015617
2023-05-19,0.0017383656729601515
2023-05-20,0.0021401711782353949
2023-05-21,0.0008565493573311489
2023-05-22,0.0021860347855804374
2023-05-23,0.007597344860015065
2023-05-24,0.00017712191571717106
2023-05-25,-0.0015481717445441356
2023-05-26,-0.0011781831862583969
2023-05-27,0.0001379551734588258
2023-05-28,0.017773396398206076
2023-05-29,-0.0012175915769969681
2023-05-30,0.0023946788285773568
2023-05-31,-0.002728355366852675
2023-06-01,-0.0065225368573021969
2023-06-02,0.0010612986378155664
2023-06-03,-0.0025404334267449258
2023-06-04,0.0030631685184157043
2023-06-05,-0.0047435025830246946
2023-06-06,0.0049549273428506346
2023-06-07,-0.0059742518147580803
2023-06-08,0.0026650393062570554
2023-06-09,0.0016632371420441938
2023-06-10,0.015473891039930132
2023-06-11,0.0014161689130383071
2023-06-12,0.0036500581204217397
2023-06-13,-0.0026107036258918859
2023-06-14,0.0016411236329090251
2023-06-15,-0.002957886629926243
2023-06-16,0.00035477131060535072
2023-06-17,0.00098255268659253048
2023-06-18,-0.0055455195856843886
2023-06-19,0.002745843512669488
2023-06-20,0.0030649930113937351
2023-06-21,0.0022326252789295342
2023-06-22,-0.004168838977764433
2023-06-23,-0.0054753093618556958
2023-06-24,-0.0014343231348112884
2023-06-25,0.0041579585198943114
2023-06-26,0.0049210478060477403
2023-06-27,0.003882842840772005
2023-06-28,0.0074626374412547491
2023-06-29,-0.0065156005257801519
2023-06-30,-0.0040425465862850007
