sh1,sh2,worst,median,dd2,turn,edge,trades,L,S,G,h1,h2,vol,offspread,sleeves,hold,dg
0.07156487251725675,-0.2313702527838242,-1.5607973609437544,-0.43336490467470307,0.3100343598383948,50.071039512247054,9.143469185805596,1698.0,0.31341367192882275,-0.14139668608160177,-38.338144374125584,0.5610093807625915,-0.47817196666659023,0.12327916291661462,0.28287769482217134,1,9,0.2
0.02212711835408132,-0.2924471468147728,-1.069762308537202,-0.8167981179791773,0.3727581457305144,50.638757170528635,7.937393884019571,1565.0,0.18425987095740398,-0.032170207256193246,-39.25445963368922,0.42607259340693393,-0.4277190904089026,0.12111655356510476,0.11356755190746404,1,9,0.35
0.5360784122440881,0.22367656485434922,-0.026357106991660446,0.2257081592094069,0.15612124065845828,49.478455061525665,20.274400323743453,1483.0,0.20058227725390104,0.19316797692566373,12.68379151950391,0.6632351103836516,0.393734833662609,0.11891301828729184,0.14736770789408243,1,9,0.5
1.0027085071943598,0.7578565480573463,-0.647225328636015,1.1021948595678206,0.12624358877725117,38.93064207010542,38.18640278103897,1279.0,0.4972016222317087,0.08532248664174522,29.817638066895945,1.3173786608284617,0.6434415309949233,0.11653340297704579,0.2209612696527461,1,12,0.2
1.1582548147241043,0.9405433938438879,0.2601340950129892,0.9451082648919774,0.13096800010292164,35.926432761378464,47.31788154731917,1200.5,0.6403111295459549,0.03101850724913781,51.62737671129162,1.4524784441554797,0.8599022510070107,0.12429872991866356,0.0939745423010061,1,12,0.35
0.6453742698022937,0.4249056395840153,-0.16694460968547903,0.3897979500877069,0.15762761680310405,36.281398708426885,29.593700045317362,1140.5,0.400874772092687,0.023124488421443257,16.78963972871859,0.3880949004054117,0.9119766402316385,0.1237646395341116,0.11558404310299297,1,12,0.5
-0.1843799017632416,-0.3734721133438501,-1.4586922659204773,-0.2206031371075795,0.2504268600523942,30.793695553741905,0.22587841427653083,1051.5,0.24182309337178365,-0.23481947575984258,-33.187496690404274,-0.06189021720286629,-0.300615179620617,0.1208023989925857,0.0907480106663357,1,15,0.2
-0.05090092903255821,-0.23665254671038383,-1.1665898015434073,-0.18419706424434637,0.21129712999610806,29.39775109903351,5.561069352522307,1000.5,0.3440612369344903,-0.2802649327604859,-25.550796653719388,0.0022125160330040625,-0.09999527291459154,0.11937101721842949,0.1438902015192248,1,15,0.35
0.09302542314221367,-0.10142847714732325,-0.5671525709863041,0.007626469411292455,0.14844653847134132,31.23909859757515,11.070832100214218,956.0,0.18553551011516933,-0.04658409805994996,-6.786320680716543,0.26891703790775434,-0.07690913145244507,0.12037102177828682,0.1587201378514252,1,15,0.5
0.4062652507686769,0.2713786531171801,-1.0256205050813958,0.5523063068915424,0.2115257722034456,24.839167325068296,29.510541762271078,880.5,0.5952162880787971,-0.2783812595551212,-4.067180488911413,-0.2318731259527197,1.2354167414089556,0.13778135098820288,0.4713694921933197,1,18,0.2
0.057902251050506934,-0.08967365295660103,-1.5941895347729118,0.28179810317238785,0.28087357701392673,25.273056109059446,10.193981403228312,841.5,0.2933090629586562,-0.17350305340869354,-25.88701790059399,0.8391479213517066,-0.6694806168361261,0.12882032398892518,0.4582569395205463,1,18,0.35
-0.053582192797024204,-0.227459723163658,-0.9115893808244218,-0.417746716406208,0.24315157020792105,27.236969469653342,5.175246891080046,810.5,0.030248352597011807,0.0361269123171868,-28.93031677690073,0.2861543665305697,-0.3806109315097629,0.11744735699115952,0.4567064173974706,1,18,0.5
0.4088678455762625,-0.04741134657978577,-0.7807464155552349,-0.19052488858296335,0.2157550981956478,71.46338441948939,14.317110171267853,4699.5,0.40450202289590914,-0.0014708713506057791,-21.610328703548994,0.8917594587165567,-0.15797839437241445,0.11907230769680996,0.5315902540317892,2,9,0.2
-0.13130039499336665,-0.584554253010923,-1.5316059301473133,-0.9941724356347927,0.39493962859235476,72.50726540397687,5.295728684119718,4360.0,0.17468802927980245,-0.021821624345032375,-44.189615838216305,0.6199080420631553,-0.9524373744531598,0.12075834412553124,0.29396545951191433,2,9,0.35
0.42971301475310186,0.00333713894734498,-0.8917603248937953,-0.09373480603788076,0.22488987924978937,66.98610695505761,15.0688641889856,3972.5,0.14166843950873276,0.2579412483384761,-23.022704434686688,1.1349556677689852,-0.3443935512001951,0.11866454577944044,0.2928913405915906,2,9,0.5
0.7535039124579377,0.40966187442807944,-0.09595370413452031,0.36408135235994643,0.14605419340637354,55.31117479084162,24.00328745779946,3724.0,0.464749501396444,0.03807268773967098,18.573319315130412,1.065295663988349,0.3958340712805153,0.1208165796709306,0.4336735718480362,2,12,0.2
0.8420715776596435,0.5213845091275643,-0.14952624473644932,0.4428245826560008,0.16280062472045753,51.18911819213761,27.277325937928065,3457.0,0.5378788867157335,0.010361054111131758,19.13623649285529,0.8831542450219416,0.7975584132847241,0.11983197386352538,0.35614714617918164,2,12,0.35
0.5041095374016489,0.18725260994384685,-0.8526832589551343,0.20721055056999904,0.19718259710223185,52.89294654626009,19.41201450172027,3257.5,0.4837224641712399,-0.08221521696088913,-11.744233514971711,0.338938907326883,0.6922227514401527,0.12528088090952058,0.3850499300048393,2,12,0.5
-0.1983793097081597,-0.48992082814082505,-1.713371220556529,-0.49244402388304137,0.3161785831039902,46.693564366237204,2.3054927958405096,3038.5,0.16795824058579623,-0.1275088068834412,-40.52820126469288,0.6188884337098939,-1.1290528424044588,0.12284962212077741,0.36695139560953793,2,15,0.2
-0.2909854881405093,-0.5618418971599006,-1.3797328809481795,-0.7018765421361913,0.34019333588405287,45.085008546826046,-0.7221867942541211,2925.0,0.07260384327393118,-0.0986914910026923,-40.84164407441243,-0.10305643550407795,-0.524768039638698,0.12407545771937575,0.35052599922492705,2,15,0.35
0.1632133377902774,-0.09052791865511589,-0.5435341084963963,-0.20056811636656569,0.21612366276291017,43.25169245065902,12.22444974215406,2812.5,0.16765297599910245,0.021862284846055693,-15.687982070102679,-0.10441946941307192,0.5028418417199094,0.12630481462776413,0.35320149139000856,2,15,0.5
-0.11742314726219616,-0.34079994654984286,-1.2066432212238118,-0.612131456436891,0.34867197217160206,37.50236491308836,3.4187819090019227,2556.5,0.3845633941773299,-0.3339736583043953,-38.46219512219207,0.052997938777586864,-0.3326239921955992,0.12488540100509019,0.466186625456902,2,18,0.2
0.3347005710009707,0.09361387961990286,-1.0581227003973985,-0.3029354199568367,0.3191175434891691,39.48601347902256,17.832798967023567,2559.5,0.3775318915563846,-0.09532433543670937,-30.595626244117046,1.2902002162136514,-0.7491633695270855,0.12165889293723595,0.2976434875522329,2,18,0.35
0.41596068332139774,0.17536286201013676,-0.3996302509805704,0.060533676167751446,0.17938773699456928,38.81224921672487,20.341857264346835,2440.5,0.26641463669250515,0.03946416630421884,-0.8745974703258006,0.8293209021210259,-0.05730523428570006,0.1199789566715793,0.31018189911393884,2,18,0.5
-0.2344310547749629,-0.8236799222253468,-1.6610921983706448,-1.1632446030413306,0.38625892161004105,90.20301921842918,4.529354915450213,8730.0,0.18060291628746447,-0.017589793140895274,-47.54078776235683,0.32926104246073495,-0.9152596747315417,0.11519954798467939,0.28245572741272384,3,9,0.2
0.027632197190339686,-0.5498401618216087,-1.2948626105335856,-0.7085447159577911,0.3162772605337954,88.48484497439875,7.873223033490925,7942.0,0.34080053381444764,-0.06437114722977683,-39.39981780903051,0.6450757190605962,-0.6519308728434834,0.1149925111818111,0.2699108234770619,3,9,0.35
0.5878624794964484,0.05574912435381146,-0.6374925179863424,-0.30923413668068844,0.3113030414550996,83.55418344977878,15.76780516841063,7010.0,0.4818589263341067,0.03743168898490412,-26.97553431186234,0.8775194884471829,0.2741974306866488,0.11739858338171416,0.2795979336376328,3,9,0.5
0.3334481844367907,-0.13479480172762734,-0.9493588494640317,-0.23198764453542997,0.230952484277946,71.71524681012657,12.847866132496662,6806.0,0.479184830346286,-0.11427156500917915,-26.322514386458657,0.9437768740981296,-0.3333928123381457,0.11497017940115023,0.2814133283738497,3,12,0.2
0.7439831109908781,0.2964851228558368,-0.718942665017608,0.4898170398625754,0.15757404023528876,69.4289395957374,19.993393125268717,6488.0,0.48710072109907676,0.06878898459772965,4.886185955184359,1.049277826477569,0.4057012184861614,0.11622016326818506,0.21053588263562084,3,12,0.35
0.7248056405687369,0.294781283255233,-0.2332872645517124,0.06448126363341816,0.13556382130247285,66.73387375196462,20.15582323034532,5832.0,0.3856711311677944,0.15588799968595793,6.619754665578459,1.1673603255470173,0.2509649155249814,0.11648951684172487,0.23483977752649055,3,12,0.5
0.12193748060573506,-0.25347285599800423,-1.5297559235549918,-0.11595863213267549,0.2694849775507383,58.31869435223999,9.936533661034428,5701.5,0.46182571730738875,-0.20186979826852244,-31.533554935262565,0.6005529898485376,-0.4051791665167134,0.11744045379310601,0.33762260067053823,3,15,0.2
0.02445843336761061,-0.3512359102307602,-2.250984276139893,-0.016634218185421615,0.3174083737955149,58.11530766843366,8.048100223175977,5491.0,0.19712413059544748,-0.0023148012940618773,-37.519426751976326,0.9294582905052484,-0.9749955984057583,0.11736961447539979,0.24288379159551876,3,15,0.35
0.028637962172588995,-0.3132413867253535,-0.6788121603123913,-0.4267668458657271,0.28728768763996804,54.54021197888547,8.122551748371318,5031.0,0.2635084781508903,-0.06983516825122241,-27.587313610886483,0.26357931279881003,-0.23793831966425744,0.11950310224067331,0.296341915230513,3,15,0.5
0.15853998605846495,-0.12770385179656785,-0.9451337022983326,0.058026993454177125,0.24196980500577497,49.93101732822241,11.59256671627385,4959.0,0.3140872222631558,-0.08631781114990002,-21.62511916807977,0.5095194259327163,-0.19907631087009653,0.13074126069114878,0.7064227342323699,3,18,0.2
-0.05264583511983624,-0.32811725294637967,-0.8838223677288239,-0.5819842655176259,0.2819342419671987,46.90153600427137,6.114122851889319,4721.5,0.40401515333617444,-0.2765721486193491,-32.14415861400609,0.414954806736082,-0.5201078556858647,0.12874722783281672,0.542794714697632,3,18,0.35
-0.2429455922269567,-0.4977023128462028,-1.0534652288076372,-0.8070490718750748,0.39075081889868046,46.945640229203704,0.19523973724008226,4467.5,0.38330973668614743,-0.3677462513252515,-40.49006128870765,0.07711282052510399,-0.5711083512745527,0.13908562420018405,0.4899710009486123,3,18,0.5
