G,G_eff,compliance,sh1,sh2,sh3,worst,median,dd2,dd1,cal2,posq2,vol,turn,edge,costsh,trades,L,S,fund,folds,fails,score,hl,clip
-27.590998118491065,-13.187583389269841,0.47796688371457374,0.13388641932822007,-0.1702058896362921,-0.4742551674589405,-1.5362510357560117,-0.03877559567635516,0.28871598351876904,0.23047784225496804,-0.09094753345904348,0.6470588235294118,0.11651377477250367,47.23964110668209,10.765217669192028,0.027736862452659432,86713,0.3403842693492525,-0.13905617273558693,0.3687027149670061,"[0.76, 0.38, -1.54, -0.46]","['net_sharpe', 'dbl_sharpe', 'tri_sharpe', 'ret_2x', 'pos_folds', 'turnover', 'gross_edge', 'short_pnl']",LEVEL21,0.0,2.0
-20.2947503999834,-10.745373895703365,0.5294656836830156,0.12147519525105022,-0.07878684442116166,-0.27908143556516946,-1.4162534580493127,0.20181715946632406,0.25671002786411645,0.21255521943124855,-0.06104420919010343,0.6470588235294118,0.11567638120211308,30.885207342682797,11.998060834241436,0.01818384364359988,86713,0.3270160219953002,-0.18031384335096015,0.3463127744427156,"[0.52, 0.51, -1.42, -0.1]","['net_sharpe', 'dbl_sharpe', 'tri_sharpe', 'ret_2x', 'pos_folds', 'turnover', 'gross_edge', 'short_pnl']",LEVEL21,3.0,2.0
-14.121262987676534,-8.203371989309913,0.5809233916590111,0.14923305501357806,-0.00739622476200971,-0.1640586650350861,-1.0368606105125295,0.22022894187777586,0.2139272023913964,0.20553070388260897,-0.03374861140015892,0.5882352941176471,0.1132802537099623,23.656594668755048,14.618510912006814,0.014003319543076013,86713,0.3144595662424675,-0.17755108661031943,0.313731288593992,"[0.16, 0.4, -1.04, 0.28]","['net_sharpe', 'dbl_sharpe', 'tri_sharpe', 'ret_2x', 'gross_edge', 'short_pnl']",LEVEL21,9.0,2.0
-12.599795433750717,-8.848171614356577,0.7022472436858164,0.2524686063931074,0.12622255547703154,-4.4423609056666346e-05,-0.8919416475037677,0.22512566500682926,0.22112093627201546,0.2143026124755053,0.035736191494381495,0.5882352941176471,0.11194730010564133,18.84491520408718,22.447331958806654,0.01115267227434977,86713,0.337153948620074,-0.1696851521050417,0.28396334684523084,"[0.0, 0.45, -0.89, 0.82]","['net_sharpe', 'dbl_sharpe', 'tri_sharpe', 'gross_edge', 'short_pnl']",LEVEL21,21.0,2.0
-13.783971792905394,-10.653750888607236,0.7729086397355165,0.28228202896041826,0.17500255789939118,0.06770342292563437,-1.2339114050228446,0.2285488232653715,0.20689913861897014,0.2008774106951291,0.06475937310480728,0.5882352941176471,0.11158146715785619,15.962285017457928,27.131519915829717,0.00948027082531486,86713,0.3192374406023491,-0.14778480421384682,0.2592152747138232,"[-0.1, 0.55, -1.23, 1.35]","['net_sharpe', 'dbl_sharpe', 'pos_folds', 'gross_edge', 'short_pnl']",LEVEL21,45.0,2.0
-28.609008098066404,-16.34238356505522,0.5712320926694326,0.14722153628778908,0.05156162683635686,-0.044114469992267716,-1.6100043695918131,0.012442417274437595,0.28291460404306834,0.26185756054005693,-0.0017565393171813557,0.5294117647058824,0.11216953466691433,14.3076162576094,18.888014560140306,0.008528548829955736,86713,0.2890997769308694,-0.18211337672231187,0.2381559131106114,"[-0.26, 0.28, -1.61, 1.65]","['net_sharpe', 'dbl_sharpe', 'tri_sharpe', 'ret_2x', 'pos_folds', 'gross_edge', 'short_pnl']",LEVEL21,90.0,2.0
-70.59093120709949,-26.742101562479057,0.3788319704130712,-2.558600356873977,-6.606318142820497,-10.478854199387241,-10.636469323853568,-6.194444171369492,0.950285499388726,0.6929729326145501,-0.5588232610680163,0.0,0.11215987810313909,617.7805275540867,2.858124676240888,0.34399125046082907,86715,0.6418552073114474,0.0571660250415619,0.10445868330570855,"[-4.59, -6.15, -6.24, -10.64]","['net_sharpe', 'dbl_sharpe', 'tri_sharpe', 'ret_1x', 'ret_2x', 'pos_folds', 'turnover', 'gross_edge', 'cost_share']",fz1_21,0.0,2.0
-58.49876660365729,-23.21967298606617,0.39692585560623594,-0.25501934201584686,-1.966883479962204,-3.659430908229903,-3.9948860318170785,-1.4791028373942745,0.5851267026952607,0.25288967015058883,-0.3401633880626216,0.17647058823529413,0.10932815859867114,250.68628625654085,6.40144491524266,0.14061914561923064,86715,0.5114626155262519,0.12384428415339424,0.12948619872791206,"[-1.05, -1.69, -1.27, -3.99]","['net_sharpe', 'dbl_sharpe', 'tri_sharpe', 'ret_1x', 'ret_2x', 'pos_folds', 'turnover', 'gross_edge']",fz1_21,3.0,2.0
-50.79243055030563,-20.215908225013525,0.3980102547955717,-0.08113812410036043,-1.2107737295571197,-2.3346108710115283,-2.4114267583614786,-1.1229209866405332,0.42378656736900333,0.215450837162955,-0.3055003980437748,0.29411764705882354,0.1093446792970682,165.02848867706965,6.965332493697277,0.09287659121051599,86715,0.3986092164747716,0.05645821795015199,0.13362036137529337,"[-0.61, -0.3, -1.64, -2.41]","['net_sharpe', 'dbl_sharpe', 'tri_sharpe', 'ret_1x', 'ret_2x', 'pos_folds', 'turnover', 'gross_edge']",fz1_21,9.0,2.0
-47.75788654622875,-16.525258407458654,0.34602156005087265,-0.09889588385227059,-0.9239150985627239,-1.7464136539132455,-2.1538640984895543,-1.0458840610494948,0.3554327827929157,0.18891514808088783,-0.28676757449515083,0.29411764705882354,0.10970320202489398,120.82947818391536,6.597877893120417,0.0691114634902674,86715,0.39547572700137545,-0.07986470876622054,0.12132369317062862,"[-0.62, 0.44, -1.48, -2.15]","['net_sharpe', 'dbl_sharpe', 'tri_sharpe', 'ret_1x', 'ret_2x', 'pos_folds', 'turnover', 'gross_edge', 'short_pnl']",fz1_21,21.0,2.0
-40.9697537300368,-14.181953527979312,0.3461566701481506,-0.06859898480986623,-0.691372389403667,-1.3131051808961394,-2.191173564244609,-0.5193850461634681,0.28410501666051224,0.18578396535039043,-0.2762874386056103,0.4117647058823529,0.10950030513835371,90.97911220386324,6.6681351437049745,0.05272612129080907,86715,0.38170863651986553,-0.141537357808672,0.08933677695715687,"[-0.56, 0.49, -0.48, -2.19]","['net_sharpe', 'dbl_sharpe', 'tri_sharpe', 'ret_1x', 'ret_2x', 'pos_folds', 'turnover', 'gross_edge', 'short_pnl']",fz1_21,45.0,2.0
-37.81162490143168,-13.02760577393208,0.3445396966645253,-0.10570893871174782,-0.583753869878685,-1.06137085217357,-1.957404835117359,-0.29534129156482997,0.2551936708797442,0.18992728414042948,-0.26570263417269835,0.29411764705882354,0.10990621121141013,70.07312586509008,5.827308932219824,0.04098282750489262,86715,0.3244334498708891,-0.1627764493177702,0.04658771995795746,"[-0.57, -0.02, 0.34, -1.96]","['net_sharpe', 'dbl_sharpe', 'tri_sharpe', 'ret_1x', 'ret_2x', 'pos_folds', 'turnover', 'gross_edge', 'short_pnl']",fz1_21,90.0,2.0
-70.93784032074568,-20.999197605404312,0.29602251084127135,-2.87783102788484,-6.933595419866124,-10.809125522783399,-10.737310249157746,-6.758456995772837,0.9623912467109165,0.7487148746497561,-0.5832226906527439,0.0,0.11622997932529892,642.5616070816841,2.2875080684631026,0.3626685182325151,86712,0.6203384060465034,-0.03843300229627378,0.10196221739154286,"[-4.7, -6.33, -7.18, -10.74]","['net_sharpe', 'dbl_sharpe', 'tri_sharpe', 'ret_1x', 'ret_2x', 'pos_folds', 'turnover', 'gross_edge', 'cost_share', 'short_pnl']",fz1_21o,0.0,2.0
-60.07304272590048,-23.73918849829764,0.39517206755472856,-0.46384510266833057,-2.1898884481196683,-3.8970721981055063,-3.9575563786875056,-2.0022999546307547,0.636531281571147,0.2612540541401712,-0.3520803485116909,0.17647058823529413,0.1125170423646588,260.18703091624974,5.489475128458829,0.1463024460900554,86712,0.5218963303230244,0.04355007776479081,0.14798305138769646,"[-0.98, -2.17, -1.84, -3.96]","['net_sharpe', 'dbl_sharpe', 'tri_sharpe', 'ret_1x', 'ret_2x', 'pos_folds', 'turnover', 'gross_edge']",fz1_21o,3.0,2.0
-52.42755141851696,-20.787438991269823,0.39649837592697257,-0.20226048204780597,-1.352707944050745,-2.497257159319675,-2.2161526923910935,-1.441645688891573,0.46799414687983143,0.22988177749024652,-0.3074974839782479,0.23529411764705882,0.11014903887113396,169.33338932324918,6.179155482025748,0.0949232400062779,86712,0.36872442559624374,0.04551049430489669,0.18621135609535533,"[-0.85, -0.52, -2.22, -2.04]","['net_sharpe', 'dbl_sharpe', 'tri_sharpe', 'ret_1x', 'ret_2x', 'pos_folds', 'turnover', 'gross_edge']",fz1_21o,9.0,2.0
-47.42459356034471,-16.389186908767698,0.3455841300550847,-0.12444710573086605,-0.9536694593124334,-1.7806456301983484,-2.1489425786744474,-1.0991044347292498,0.3866033035597908,0.19812332993318105,-0.27275042842068925,0.4117647058823529,0.11034060402708412,122.12908661255337,6.3704142953107326,0.0693162771245679,86712,0.3494896545175017,-0.04148181602787504,0.2112907296796149,"[-0.81, 0.3, -2.15, -1.39]","['net_sharpe', 'dbl_sharpe', 'tri_sharpe', 'ret_1x', 'ret_2x', 'pos_folds', 'turnover', 'gross_edge', 'short_pnl']",fz1_21o,21.0,2.0
-41.0949702676373,-14.247084128510412,0.34668680949819625,-0.046087524901099346,-0.6569418316709348,-1.2670581272247565,-1.587277161809644,-0.7354992445721396,0.32397244101625744,0.148761078271909,-0.23072417156112662,0.4117647058823529,0.10914855894541224,88.9314965677124,6.943807605728699,0.051059651176003674,86712,0.37010833439714974,-0.12563682007947544,0.21739724484484718,"[-0.79, 0.29, -1.59, -0.68]","['net_sharpe', 'dbl_sharpe', 'tri_sharpe', 'ret_1x', 'ret_2x', 'pos_folds', 'turnover', 'gross_edge', 'short_pnl']",fz1_21o,45.0,2.0
-41.39241578506563,-13.063210128561522,0.31559429138887624,-0.2043628555269886,-0.6552086377567062,-1.1057107814277245,-1.4215143732044166,-0.5967183707439412,0.33106622867523117,0.20915499950458627,-0.2261515459896652,0.23529411764705882,0.10958704437952504,65.89541055103474,4.109031522215653,0.038597930036551924,86712,0.3294463903624644,-0.22225260101081484,0.21211908862314455,"[-1.03, -0.17, -1.42, -0.06]","['net_sharpe', 'dbl_sharpe', 'tri_sharpe', 'ret_1x', 'ret_2x', 'pos_folds', 'turnover', 'gross_edge', 'short_pnl']",fz1_21o,90.0,2.0
-64.48358804035608,-25.36640172555931,0.3933776406747734,-0.9074952660658022,-3.204061184138885,-5.465407834273002,-5.506946197734671,-2.961806990813388,0.7719935697462427,0.3638694563814022,-0.403672016130794,0.11764705882352941,0.11392847114774605,351.17028142870487,4.556373150882157,0.19530863227989534,86715,0.5201858370986497,0.11326369885787099,0.11635229725340834,"[-1.84, -3.15, -2.77, -5.51]","['net_sharpe', 'dbl_sharpe', 'tri_sharpe', 'ret_1x', 'ret_2x', 'pos_folds', 'turnover', 'gross_edge']",fz3_21,0.0,2.0
-51.51849223320954,-20.465308432778297,0.39724199109200775,-0.1599918804610662,-1.4311963796949694,-2.6958993849201773,-2.544373742962719,-1.0846299585684893,0.4761046825163582,0.21607991183884023,-0.3156071151543887,0.35294117647058826,0.10937445211105869,185.7495241576294,6.565835367844026,0.10477473531033053,86715,0.4001882987642379,0.08263996128273499,0.12207309727841473,"[-1.1, -0.99, -1.07, -2.54]","['net_sharpe', 'dbl_sharpe', 'tri_sharpe', 'ret_1x', 'ret_2x', 'pos_folds', 'turnover', 'gross_edge']",fz3_21,3.0,2.0
-48.36416946399599,-19.189786285407774,0.396776921801445,-0.14411331306094305,-1.0557520087643777,-1.9645494956168146,-1.8571109876644258,-1.1719560604337889,0.3832177258380616,0.22998481805102133,-0.29571243603720576,0.23529411764705882,0.10822816354479436,131.73876827712377,6.323999336751414,0.07489675973563122,86715,0.32485043403867425,0.004972155341318868,0.13418820846410318,"[-0.59, -0.16, -1.75, -1.86]","['net_sharpe', 'dbl_sharpe', 'tri_sharpe', 'ret_1x', 'ret_2x', 'pos_folds', 'turnover', 'gross_edge']",fz3_21,9.0,2.0
-46.29498297697716,-15.971790648938903,0.34500046488583425,-0.13589943959508066,-0.8407029713523999,-1.5439749123804776,-1.9134844348813203,-1.0524522577722126,0.3425876789668496,0.21953724579100697,-0.26951459581104686,0.29411764705882354,0.1081670024241951,101.75645545928073,6.066908407300507,0.05836495699139875,86715,0.36681818372211017,-0.12241638852957629,0.1334526548737739,"[-0.45, 0.49, -1.65, -1.91]","['net_sharpe', 'dbl_sharpe', 'tri_sharpe', 'ret_1x', 'ret_2x', 'pos_folds', 'turnover', 'gross_edge', 'short_pnl']",fz3_21,21.0,2.0
-40.687193828585855,-14.045699271407845,0.3452117963844356,-0.10063988755954459,-0.6627697295333412,-1.2239434721282394,-2.180002532698745,-0.5210879232174526,0.28097067641074036,0.2043370177034014,-0.2650253849089922,0.4117647058823529,0.10788973634153674,80.93223277518138,6.176800786573181,0.046796547293617735,86715,0.3024010898321046,-0.10449457113382277,0.11504052200457658,"[-0.51, 0.53, -0.54, -2.18]","['net_sharpe', 'dbl_sharpe', 'tri_sharpe', 'ret_1x', 'ret_2x', 'pos_folds', 'turnover', 'gross_edge', 'short_pnl']",fz3_21,45.0,2.0
-34.65589403741037,-12.879519888529524,0.37164009892880934,-0.05613518155105673,-0.5089913546221014,-0.9614192930131511,-2.0649062464677987,-0.22171097669315554,0.236599326370728,0.19372316940650536,-0.25025420878278537,0.4117647058823529,0.10834214309668164,65.44521909791948,6.586184776314203,0.03828740604858596,86715,0.2725530215143856,-0.1019106730913425,0.08349194307451563,"[-0.58, 0.13, 0.65, -2.06]","['net_sharpe', 'dbl_sharpe', 'tri_sharpe', 'ret_1x', 'ret_2x', 'pos_folds', 'turnover', 'gross_edge', 'short_pnl']",fz3_21,90.0,2.0
-65.79595561814006,-20.69394089828808,0.3145169137505881,-1.2201527881840517,-3.525198573711627,-5.794047906424696,-5.835276196393953,-3.516162017218543,0.8095998928491019,0.47052597400174234,-0.4227648138811285,0.058823529411764705,0.11630057073289647,360.1119819783434,3.548795150305813,0.20480513413473875,86712,0.5220734458097764,-0.016139889157450044,0.10340397737970299,"[-1.77, -3.89, -3.15, -5.84]","['net_sharpe', 'dbl_sharpe', 'tri_sharpe', 'ret_1x', 'ret_2x', 'pos_folds', 'turnover', 'gross_edge', 'short_pnl']",fz3_21o,0.0,2.0
-53.52626618710035,-21.207554163976035,0.39620836039348073,-0.2531890659726973,-1.5457739672888666,-2.83193554641522,-2.4966876994129596,-1.4420324680814964,0.5061739110031307,0.23458532817070388,-0.3218436711496489,0.29411764705882354,0.11085137273965226,191.43229627704883,6.028347404609978,0.10803790610998325,86712,0.4073272424779638,0.049538362556912185,0.12547219928271436,"[-0.84, -1.52, -1.36, -2.5]","['net_sharpe', 'dbl_sharpe', 'tri_sharpe', 'ret_1x', 'ret_2x', 'pos_folds', 'turnover', 'gross_edge']",fz3_21o,3.0,2.0
-49.11829484006885,-19.469809546841265,0.39638610440846433,-0.17250413762140202,-1.1108538826162908,-2.046930943844861,-2.097659002992899,-1.0811373776438296,0.44050957991186845,0.24224188332219254,-0.2702053348633269,0.35294117647058826,0.10866205885247672,136.08678720422586,6.120774292401434,0.07691651567624574,86712,0.30228348021074536,0.027476014311627966,0.16348122731789422,"[-0.58, -0.37, -2.1, -1.59]","['net_sharpe', 'dbl_sharpe', 'tri_sharpe', 'ret_1x', 'ret_2x', 'pos_folds', 'turnover', 'gross_edge']",fz3_21o,9.0,2.0
-47.497070977938655,-16.37986859588962,0.34486060421489373,-0.14500897187142975,-0.8666307338008143,-1.5871403818121572,-2.2203203121310127,-0.8524524867318561,0.3975004974655618,0.23778286700908313,-0.2406676747589494,0.35294117647058826,0.10909239453727736,105.03239530441473,5.994180858411382,0.05987582896249066,86712,0.2768842114634449,-0.02763827019477247,0.19393243856992542,"[-0.41, 0.21, -2.22, -1.29]","['net_sharpe', 'dbl_sharpe', 'tri_sharpe', 'ret_1x', 'ret_2x', 'pos_folds', 'turnover', 'gross_edge', 'short_pnl']",fz3_21o,21.0,2.0
-39.718071946758336,-13.787167302582233,0.3471257950553035,-0.025488959125934126,-0.5881849617541933,-1.1504757710232396,-1.4774062764731806,-0.5911443293190771,0.32999974421797673,0.18297417280125539,-0.2051029171789588,0.4117647058823529,0.10901671986304184,81.80764739039387,7.17208009542451,0.046690997867752146,86712,0.2774438184890742,-0.045162641973839124,0.21134691094807923,"[-0.39, 0.14, -1.48, -0.79]","['net_sharpe', 'dbl_sharpe', 'tri_sharpe', 'ret_1x', 'ret_2x', 'pos_folds', 'turnover', 'gross_edge', 'short_pnl']",fz3_21o,45.0,2.0
-36.0412989045931,-11.47476668492273,0.31837827807755253,-0.11300201936109684,-0.5472506559836601,-0.9813120189845498,-0.8437775965391696,-0.6056537231101524,0.3268839611763741,0.22330835574843189,-0.1956830301140166,0.23529411764705882,0.10976520120496361,63.56268310895183,5.556704600327318,0.036882227115661845,86712,0.27552275330705084,-0.13569463481095367,0.21610768407332187,"[-0.67, -0.54, -0.84, -0.17]","['net_sharpe', 'dbl_sharpe', 'tri_sharpe', 'ret_1x', 'ret_2x', 'pos_folds', 'turnover', 'gross_edge', 'short_pnl']",fz3_21o,90.0,2.0
-63.960348103716925,-25.172077744491553,0.3935575476179863,-0.8330504199820845,-3.0054117519330363,-5.145184869971581,-5.1043727621854735,-2.9823934806569143,0.7486148821792742,0.3599496361339486,-0.3918180112251011,0.11764705882352941,0.11282294256475534,328.8927668290649,4.649924761352875,0.18415444798213348,86713,0.45798851558375403,0.14745722862050098,0.13180903580358944,"[-1.48, -2.73, -3.23, -5.1]","['net_sharpe', 'dbl_sharpe', 'tri_sharpe', 'ret_1x', 'ret_2x', 'pos_folds', 'turnover', 'gross_edge']",fz3_30,0.0,2.0
-53.74068185384819,-17.004967672086696,0.3164263475170073,-0.45477657299509244,-1.6000866857726612,-2.739848111401201,-2.4499490983259595,-1.5482318060457647,0.5124162266407348,0.24072118229328288,-0.3225240943450266,0.29411764705882354,0.1089794125450804,166.81453620812897,4.541700708843787,0.09491427356927913,86713,0.3000729982308979,-0.0001378331188276738,0.1375549877282684,"[-1.11, -0.95, -1.98, -2.45]","['net_sharpe', 'dbl_sharpe', 'tri_sharpe', 'ret_1x', 'ret_2x', 'pos_folds', 'turnover', 'gross_edge', 'short_pnl']",fz3_30,3.0,2.0
-52.856892019197396,-16.489701671759235,0.31196880939897575,-0.5231751993931297,-1.2665227822455807,-2.008145823842299,-2.5566410136986724,-1.2939728180039416,0.4599769781241809,0.2909192715981085,-0.2964870224819544,0.23529411764705882,0.11080459689371852,109.98805207646134,2.223780887467413,0.06379571858856044,86713,0.3110474020090287,-0.2142168324082203,0.14016752092593052,"[-0.77, -0.14, -2.56, -1.82]","['net_sharpe', 'dbl_sharpe', 'tri_sharpe', 'ret_1x', 'ret_2x', 'pos_folds', 'turnover', 'gross_edge', 'short_pnl']",fz3_30,9.0,2.0
-50.10228926987338,-16.828734653658355,0.3358875392501778,-0.4607901484152105,-1.0206624838465537,-1.579688891625122,-2.1793962546861034,-1.2805968005876924,0.4152677315658526,0.291011135773076,-0.27140857295680615,0.29411764705882354,0.11104003217522666,82.98157918923557,1.3281870767591004,0.04860788789677648,86713,0.27572841922534774,-0.23209533339727773,0.13381766015853622,"[-0.64, 0.47, -2.18, -1.92]","['net_sharpe', 'dbl_sharpe', 'tri_sharpe', 'ret_1x', 'ret_2x', 'pos_folds', 'turnover', 'gross_edge', 'short_pnl']",fz3_30,21.0,2.0
-44.61742450045672,-15.106668480665776,0.3385822612981872,-0.2930316158388302,-0.7522817785987194,-1.211050331987143,-1.9633129761945285,-0.8089803569622471,0.3374307612407643,0.21280844843261693,-0.2509397350485118,0.35294117647058826,0.10957909079177802,67.1444997514342,2.729442541724008,0.03912473783315104,86713,0.21862211263084708,-0.14606844328208707,0.11459581163375827,"[-0.54, 0.51, -1.07, -1.96]","['net_sharpe', 'dbl_sharpe', 'tri_sharpe', 'ret_1x', 'ret_2x', 'pos_folds', 'turnover', 'gross_edge', 'short_pnl']",fz3_30,45.0,2.0
-36.86716428424257,-13.545842810052902,0.36742296493474935,-0.1573870977112751,-0.5370110829379429,-0.9164170881397995,-1.9043095713030362,-0.13695358252032602,0.27260376250342455,0.198732258182451,-0.23131623835658197,0.29411764705882354,0.11000325336975213,55.69705401349793,4.393275099403002,0.032321043447426506,86713,0.21114815534750428,-0.11427674868079521,0.08471343354392863,"[-0.32, 0.05, 0.1, -1.9]","['net_sharpe', 'dbl_sharpe', 'tri_sharpe', 'ret_1x', 'ret_2x', 'pos_folds', 'turnover', 'gross_edge', 'short_pnl']",fz3_30,90.0,2.0
-65.3608786765162,-25.572306100522944,0.3912478935157115,-1.18771185679215,-3.3748422129508433,-5.530330154368964,-5.644595720002805,-3.651172846955921,0.803909964960781,0.4868422565615227,-0.40965276817077356,0.11764705882352941,0.11582390002251318,340.007175634802,3.4489046281699727,0.1945507260153,86712,0.45406032148007,0.010181488052976861,0.09927334452837322,"[-1.36, -3.64, -3.66, -5.64]","['net_sharpe', 'dbl_sharpe', 'tri_sharpe', 'ret_1x', 'ret_2x', 'pos_folds', 'turnover', 'gross_edge']",fz3_30o,0.0,2.0
-54.657047882259896,-17.29592495461325,0.3164445506071141,-0.4684003253106835,-1.6564220837550963,-2.839151494024282,-2.465478260165095,-1.826858662714322,0.5357742452777787,0.2989139398684214,-0.31942097099464645,0.29411764705882354,0.10951407311739554,173.83313609845266,4.551166315699331,0.09882273471184673,86712,0.3262861642781477,-0.013080033565961019,0.11523978363253401,"[-0.71, -1.4, -2.26, -2.47]","['net_sharpe', 'dbl_sharpe', 'tri_sharpe', 'ret_1x', 'ret_2x', 'pos_folds', 'turnover', 'gross_edge', 'short_pnl']",fz3_30o,3.0,2.0
-53.29331121003956,-16.629257404757904,0.3120327303217975,-0.5498546249402798,-1.3367272292053827,-2.1221014010248767,-2.8043753628250476,-1.185093646907057,0.5041614772940701,0.35478222960797057,-0.2812532588660984,0.29411764705882354,0.10980063862803086,115.32477226638674,2.257019767334723,0.06672962085028486,86712,0.3166728515854099,-0.2136264214440012,0.1333927274994784,"[-0.56, -0.45, -2.8, -1.81]","['net_sharpe', 'dbl_sharpe', 'tri_sharpe', 'ret_1x', 'ret_2x', 'pos_folds', 'turnover', 'gross_edge', 'short_pnl']",fz3_30o,9.0,2.0
-51.20575068679776,-15.796633566587998,0.3084933499600232,-0.5636812679721205,-1.1610398881495516,-1.7574960498609484,-2.542808322902798,-1.144745796319465,0.4643420873609164,0.3328402745304664,-0.27126632271325357,0.35294117647058826,0.11060893429328451,88.19421791205222,0.4165419792120838,0.051466849080697985,86712,0.1979770343306457,-0.18343336900144208,0.14274642830017795,"[-0.54, -0.07, -2.54, -1.75]","['net_sharpe', 'dbl_sharpe', 'tri_sharpe', 'ret_1x', 'ret_2x', 'pos_folds', 'turnover', 'gross_edge', 'short_pnl']",fz3_30o,21.0,2.0
-45.30328978356472,-14.079888667723436,0.31079174900961354,-0.38573555142197274,-0.8765345389308785,-1.3669657558961532,-1.5335832919826178,-0.926313070681076,0.39382796011029475,0.26313299454187844,-0.24652623700523707,0.29411764705882354,0.1096267982062652,71.76866282934051,1.6117094849990552,0.04151503769867666,86712,0.1777592658028029,-0.1319665290882291,0.14070768160696887,"[-0.3, -0.34, -1.53, -1.51]","['net_sharpe', 'dbl_sharpe', 'tri_sharpe', 'ret_1x', 'ret_2x', 'pos_folds', 'turnover', 'gross_edge', 'short_pnl']",fz3_30o,45.0,2.0
-41.64943528750289,-12.930775523385504,0.31046700715448705,-0.3278612561016279,-0.7332755713257004,-1.138544706861547,-1.214793823641544,-0.7501890067126606,0.3551377649338626,0.23687790173642242,-0.2321010522157224,0.23529411764705882,0.10917438811604518,59.02220635091026,1.4428437203332365,0.034277431439474156,86712,0.19117650203958805,-0.1574625459843045,0.13067293065927632,"[-0.27, -1.0, -0.5, -1.21]","['net_sharpe', 'dbl_sharpe', 'tri_sharpe', 'ret_1x', 'ret_2x', 'pos_folds', 'turnover', 'gross_edge', 'short_pnl']",fz3_30o,90.0,2.0
-59.3176886046973,-18.777270375141168,0.31655431654250626,-0.6718808736142016,-2.4073744754342834,-4.12631437538076,-3.7896257646405425,-2.031482674378525,0.6644443662058457,0.27731659353187965,-0.3627760844213077,0.29411764705882354,0.11161024751665333,259.335013026461,4.608244602103262,0.14731614577603838,86711,0.5056118842444521,-0.03249149895459019,0.10903017129130246,"[-2.14, -1.74, -1.92, -3.79]","['net_sharpe', 'dbl_sharpe', 'tri_sharpe', 'ret_1x', 'ret_2x', 'pos_folds', 'turnover', 'gross_edge', 'short_pnl']",fz6_21,0.0,2.0
-50.35025480678583,-16.02403924508372,0.3182514032267444,-0.28268969278549133,-1.3365181599572689,-2.3860289874472254,-2.047922971577504,-1.143665183707129,0.45961702420303574,0.21934550042688516,-0.30843845406508763,0.29411764705882354,0.10969370489300179,154.42984915098592,5.490729677907084,0.08767402320801707,86711,0.37328398579990635,-0.03759561778395917,0.10737726453998148,"[-1.19, -0.99, -1.09, -2.05]","['net_sharpe', 'dbl_sharpe', 'tri_sharpe', 'ret_1x', 'ret_2x', 'pos_folds', 'turnover', 'gross_edge', 'short_pnl']",fz6_21,3.0,2.0
-49.50183498307501,-15.668130129081309,0.31651614802639827,-0.31037234596922736,-1.107190137169929,-1.9022386363044042,-2.0219316901055797,-1.152059549707033,0.4049722424210811,0.25864074842344187,-0.2907881957160625,0.23529411764705882,0.10781050036531277,114.67581688211374,4.588396973727112,0.06620644565729106,86711,0.311719441008644,-0.10341054859780116,0.12107027660938115,"[-0.56, -0.25, -2.02, -1.74]","['net_sharpe', 'dbl_sharpe', 'tri_sharpe', 'ret_1x', 'ret_2x', 'pos_folds', 'turnover', 'gross_edge', 'short_pnl']",fz6_21,9.0,2.0
-48.009512513951556,-16.40325026455408,0.3416666699081208,-0.2689027813053025,-0.9014886240863274,-1.5329567796289159,-1.968406316223784,-1.1073366236869464,0.39018503832254003,0.272216470694576,-0.25051869262271065,0.29411764705882354,0.10759288398146043,90.84332364001496,4.333335018889485,0.0529218833222318,86711,0.3271954455132463,-0.1713513817361243,0.12625939201542546,"[-0.31, 0.4, -1.9, -1.97]","['net_sharpe', 'dbl_sharpe', 'tri_sharpe', 'ret_1x', 'ret_2x', 'pos_folds', 'turnover', 'gross_edge', 'short_pnl']",fz6_21,21.0,2.0
-41.53347189492774,-14.277170166767103,0.3437509438865547,-0.1442603148976559,-0.6579454976867155,-1.1709231041994879,-2.3085856130369375,-0.4817201597181947,0.3197276759419846,0.22956704534578098,-0.23154271745377186,0.47058823529411764,0.10796930508978907,74.00604068922262,5.417157487675112,0.043338459273956104,86711,0.278187592392234,-0.11947418542803873,0.11661149429148579,"[-0.26, 0.54, -0.7, -2.31]","['net_sharpe', 'dbl_sharpe', 'tri_sharpe', 'ret_1x', 'ret_2x', 'pos_folds', 'turnover', 'gross_edge', 'short_pnl']",fz6_21,45.0,2.0
-33.45480099912964,-12.446997809133903,0.3720541577711888,-0.0395784764946866,-0.4594837556142276,-0.879005374797993,-2.1887599664295174,-0.07879282784520245,0.25118399427238836,0.21553307031000302,-0.21723265109018497,0.47058823529411764,0.10911275473912577,61.11691988982421,6.801495374351499,0.03596300652803285,86711,0.2619535973948237,-0.09738731869564887,0.09512903055960001,"[-0.35, 0.19, 0.64, -2.19]","['net_sharpe', 'dbl_sharpe', 'tri_sharpe', 'ret_1x', 'ret_2x', 'pos_folds', 'turnover', 'gross_edge', 'short_pnl']",fz6_21,90.0,2.0
-60.93636960434339,-19.20740931849338,0.31520435896010984,-0.8530427552988845,-2.630648485945588,-4.39054016447868,-3.938067485902932,-2.4286380082118972,0.7019328129652196,0.33625570441433383,-0.3752916538760834,0.23529411764705882,0.11339073711102597,269.97838726495,3.9062666592571174,0.15448014914282057,86710,0.5007937840413624,-0.08328475860834827,0.08959299794896533,"[-1.77, -2.62, -2.24, -3.94]","['net_sharpe', 'dbl_sharpe', 'tri_sharpe', 'ret_1x', 'ret_2x', 'pos_folds', 'turnover', 'gross_edge', 'short_pnl']",fz6_21o,0.0,2.0
-50.61465184637382,-20.016576693848478,0.39547000648355785,-0.26911489504243286,-1.360499009268198,-2.4482545727263845,-1.8894243898281848,-1.3566932884580585,0.4784215637117847,0.2357378700188052,-0.3018194526288836,0.29411764705882354,0.110034082442262,160.34251970186116,5.6444033714500605,0.09072556024130014,86710,0.3577713905243769,0.0005244193261482177,0.09950224380804013,"[-0.89, -1.36, -1.36, -1.89]","['net_sharpe', 'dbl_sharpe', 'tri_sharpe', 'ret_1x', 'ret_2x', 'pos_folds', 'turnover', 'gross_edge']",fz6_21o,3.0,2.0
-50.66366403381518,-15.995275801539055,0.3157149429789187,-0.36764412191156515,-1.195791913033518,-2.022681575699349,-2.3204125814992573,-1.1355168239626074,0.47531061123330476,0.31370697762035926,-0.26588950401128164,0.35294117647058826,0.10804348286625462,119.38114138342544,4.171770349037719,0.06883330714153886,86710,0.2753691522856238,-0.07820357147348396,0.13119408734521631,"[-0.76, -0.35, -2.32, -1.51]","['net_sharpe', 'dbl_sharpe', 'tri_sharpe', 'ret_1x', 'ret_2x', 'pos_folds', 'turnover', 'gross_edge', 'short_pnl']",fz6_21o,9.0,2.0
-49.79232279302254,-16.99551151297976,0.341327950970011,-0.2924955095659122,-0.9476304397978029,-1.6020687364246282,-2.3465741097931483,-0.960310108297675,0.4377659666133006,0.29254462749741394,-0.23523835049969016,0.29411764705882354,0.10842913888946847,94.7604783016363,4.157201171072401,0.05492611344739043,86710,0.2630144666448034,-0.10705804291186288,0.1588574692363679,"[-0.43, 0.27, -2.35, -1.49]","['net_sharpe', 'dbl_sharpe', 'tri_sharpe', 'ret_1x', 'ret_2x', 'pos_folds', 'turnover', 'gross_edge', 'short_pnl']",fz6_21o,21.0,2.0
-42.38712204778413,-14.585921533702225,0.34411209888841066,-0.13154473363961183,-0.6509066000760926,-1.1699902102973045,-1.4125074589415942,-0.7618568854105251,0.37498067940632684,0.24791457170237163,-0.1982988429388805,0.35294117647058826,0.10947498405388283,75.82229275638994,5.604958088640229,0.04393727279631239,86710,0.25644016816149484,-0.08819435525556787,0.17700385284564996,"[-0.27, 0.18, -1.41, -1.25]","['net_sharpe', 'dbl_sharpe', 'tri_sharpe', 'ret_1x', 'ret_2x', 'pos_folds', 'turnover', 'gross_edge', 'short_pnl']",fz6_21o,45.0,2.0
-31.37223804803179,-10.018611821628273,0.3193464172460216,-0.07965063068029186,-0.49395354491763577,-0.9082344575795692,-0.6355210760133181,-0.46628281155617984,0.3338631427095369,0.24021049177262277,-0.17530924025805075,0.35294117647058826,0.10988053023791391,60.693006856765095,6.060136967931223,0.035534435108592624,86710,0.265163542038943,-0.11955190767695384,0.1844175454783377,"[-0.45, -0.42, -0.49, -0.64]","['net_sharpe', 'dbl_sharpe', 'tri_sharpe', 'ret_1x', 'ret_2x', 'pos_folds', 'turnover', 'gross_edge', 'short_pnl']",fz6_21o,90.0,2.0
-59.81350265459478,-18.787740182002135,0.31410533321373535,-0.8030944055158918,-2.2427410357241344,-3.6729330440657706,-4.137474130907841,-1.938028970432347,0.6365887766977121,0.34290727611872607,-0.35354165950787253,0.23529411764705882,0.11072961701293647,213.12661528104272,3.3347732711424,0.12212783434639349,86711,0.3812980505558577,-0.09992727841559737,0.14769273078222084,"[-1.13, -1.62, -2.26, -4.14]","['net_sharpe', 'dbl_sharpe', 'tri_sharpe', 'ret_1x', 'ret_2x', 'pos_folds', 'turnover', 'gross_edge', 'short_pnl']",fz6_45,0.0,2.0
-55.59454844431044,-17.106014905941674,0.3076923076923077,-0.8384054608945182,-1.6308383995829996,-2.420893865866377,-2.533363062172716,-1.786232784222277,0.5324799734379687,0.3659593416159147,-0.31858541880535973,0.17647058823529413,0.11013205136303816,116.6226306177452,-0.4199739842326671,0.06822348206728762,86711,0.25901368703884353,-0.27840379398475334,0.1385230132991872,"[-0.69, -1.05, -2.52, -2.53]","['net_sharpe', 'dbl_sharpe', 'tri_sharpe', 'ret_1x', 'ret_2x', 'pos_folds', 'turnover', 'gross_edge', 'short_pnl']",fz6_45,3.0,2.0
-52.76166585653187,-16.23435872508673,0.3076923076923077,-0.7841535402522483,-1.3009844394233447,-1.817122616617378,-2.73925719778784,-1.2610116259502708,0.5027248451121187,0.3997660252695734,-0.2810078015181877,0.35294117647058826,0.11215349037411461,77.38157883888755,-3.8810145405317,0.04654143879299078,86711,0.21864142398988468,-0.3375348492417115,0.1322728306366694,"[-0.21, -0.37, -2.74, -2.15]","['net_sharpe', 'dbl_sharpe', 'tri_sharpe', 'ret_1x', 'ret_2x', 'pos_folds', 'turnover', 'gross_edge', 'short_pnl']",fz6_45,9.0,2.0
-48.53469385546469,-16.178231285154894,0.3333333333333333,-0.5646658057044225,-0.9634834050754347,-1.3620296917238055,-2.0748058116919115,-1.0490858851049567,0.42784023693434137,0.3552162892638583,-0.2525511372473572,0.35294117647058826,0.11210998469668047,59.64971295812047,-3.1347361522918935,0.03582544322186531,86711,0.23391671745779818,-0.3079427260558477,0.12344949995766644,"[-0.09, 0.13, -2.07, -2.01]","['net_sharpe', 'dbl_sharpe', 'tri_sharpe', 'ret_1x', 'ret_2x', 'pos_folds', 'turnover', 'gross_edge', 'short_pnl']",fz6_45,21.0,2.0
-43.932058496185576,-14.770798169938933,0.3362191227898282,-0.34698705842186467,-0.6761637111350616,-1.005177163750294,-2.050419894181572,-0.526659962389705,0.35958372508209746,0.2954057945316346,-0.21847803188230125,0.35294117647058826,0.11174013194474466,49.06211842663916,-0.42986487023232645,0.029159012900265457,86711,0.20382751192423354,-0.2121768728260943,0.10763941936932893,"[0.24, -0.06, -0.99, -2.05]","['net_sharpe', 'dbl_sharpe', 'tri_sharpe', 'ret_1x', 'ret_2x', 'pos_folds', 'turnover', 'gross_edge', 'short_pnl']",fz6_45,45.0,2.0
-36.009995481908504,-14.18423298529852,0.3938971053863283,-0.11686266219754446,-0.39552778296595825,-0.6741715661341624,-1.8704946579564385,-0.12428521934922387,0.28045642255661773,0.2224376297529559,-0.1746242632581483,0.35294117647058826,0.11130629747178925,41.356565291793814,4.330332601094138,0.024121801244069423,86711,0.21896023483528493,-0.14806113843360777,0.08729994527552365,"[0.46, -0.27, 0.02, -1.87]","['net_sharpe', 'dbl_sharpe', 'tri_sharpe', 'ret_1x', 'ret_2x', 'pos_folds', 'turnover', 'gross_edge', 'short_pnl']",fz6_45,90.0,2.0
-61.57930039813006,-19.35039918791209,0.3142354502699042,-0.8202793667930841,-2.316691424135058,-3.8018131979816134,-4.050177758644895,-2.391690062607844,0.6574071166699109,0.3668362846067178,-0.3543464890022434,0.058823529411764705,0.11151303153485255,223.2470300383403,3.4024341403501954,0.1283408913875113,86710,0.42747146323370444,-0.12675971181426082,0.0731395355204596,"[-0.74, -2.22, -2.56, -4.05]","['net_sharpe', 'dbl_sharpe', 'tri_sharpe', 'ret_1x', 'ret_2x', 'pos_folds', 'turnover', 'gross_edge', 'short_pnl']",fz6_45o,0.0,2.0
-56.286797713240794,-17.356629255496284,0.30836057407141043,-0.7895524794887248,-1.617344556947538,-2.442908408972044,-2.6422372977940762,-1.762504052203367,0.5472929325612526,0.3842612497000084,-0.30783902533425467,0.11764705882352941,0.11020229043348975,121.85027844590977,0.3474985171334181,0.07138897167214009,86710,0.29739712416424324,-0.2806340192055041,0.06964200873819454,"[-0.61, -1.27, -2.64, -2.25]","['net_sharpe', 'dbl_sharpe', 'tri_sharpe', 'ret_1x', 'ret_2x', 'pos_folds', 'turnover', 'gross_edge', 'short_pnl']",fz6_45o,3.0,2.0
-54.406354737634636,-16.74041684234912,0.3076923076923077,-0.9332052782313327,-1.4708297316634988,-2.0074660539506928,-2.8384070047908803,-1.3454653309020532,0.5409679649823458,0.4396650455168426,-0.2909542622058501,0.29411764705882354,0.11206107378870067,80.4894125264411,-5.529419226561934,0.0487313756350083,86710,0.21553765268487063,-0.39173252226126976,0.06951118533720399,"[-0.6, -0.57, -2.84, -2.09]","['net_sharpe', 'dbl_sharpe', 'tri_sharpe', 'ret_1x', 'ret_2x', 'pos_folds', 'turnover', 'gross_edge', 'short_pnl']",fz6_45o,9.0,2.0
-52.50865712182602,-16.156509883638776,0.3076923076923077,-0.8386745700117021,-1.2484427614736888,-1.6576599570808885,-2.326714259671892,-1.251519377073632,0.49755676609521127,0.40914770670348233,-0.27363697164279427,0.23529411764705882,0.11210800595706107,61.35693248932513,-7.874010554094363,0.03722218642430461,86710,0.1486080879633102,-0.3398726958023166,0.05853274318454882,"[-0.38, -0.41, -2.09, -2.33]","['net_sharpe', 'dbl_sharpe', 'tri_sharpe', 'ret_1x', 'ret_2x', 'pos_folds', 'turnover', 'gross_edge', 'short_pnl']",fz6_45o,21.0,2.0
-49.057495296484056,-16.547234085170675,0.3373028725817686,-0.5877846244371178,-0.9147427157331671,-1.2414487738871645,-2.5577410480863407,-0.7323397017219344,0.41749973576345334,0.3429136916170805,-0.24604945195945918,0.29411764705882354,0.1116308927263015,48.70989974425852,-6.022227657141283,0.029227579630974367,86710,0.13806993214350716,-0.25420125880837685,0.032854418097402374,"[0.19, -0.79, -0.68, -2.56]","['net_sharpe', 'dbl_sharpe', 'tri_sharpe', 'ret_1x', 'ret_2x', 'pos_folds', 'turnover', 'gross_edge', 'short_pnl']",fz6_45o,45.0,2.0
-42.112694703526074,-16.51886514331327,0.39225381466577475,-0.28130735315212757,-0.5477950435751662,-0.8142066843452416,-2.3557306530831,-0.24649561913658208,0.3288141305715889,0.26507131540360573,-0.19560593558402342,0.29411764705882354,0.11025088861330154,39.18417690028986,-0.42895580473292927,0.023057773721684684,86710,0.19476007719943872,-0.2014143141296209,0.0008114698286469163,"[0.59, -1.08, 0.59, -2.36]","['net_sharpe', 'dbl_sharpe', 'tri_sharpe', 'ret_1x', 'ret_2x', 'pos_folds', 'turnover', 'gross_edge', 'short_pnl']",fz6_45o,90.0,2.0
-57.5834217390822,-18.2056137101096,0.3161606788947268,-0.5787056786315867,-1.9687424275788905,-3.347050116670865,-2.885491919920289,-1.8320064957668545,0.5792213714355569,0.2586453604407092,-0.33851592347141723,0.11764705882352941,0.1075687641338556,200.20890929678933,4.403553025257938,0.11444059025063313,86710,0.36962914243681555,-0.020600062389078133,0.1253228840239206,"[-1.38, -1.58, -2.08, -2.89]","['net_sharpe', 'dbl_sharpe', 'tri_sharpe', 'ret_1x', 'ret_2x', 'pos_folds', 'turnover', 'gross_edge', 'short_pnl']",fz9_30,0.0,2.0
-50.50755585406718,-15.86867806950314,0.31418424038084386,-0.44342678514260714,-1.2478647214198668,-2.05055763527614,-2.173265500396614,-1.1063542758618201,0.4574929902510082,0.2884657102824051,-0.2882700408938057,0.29411764705882354,0.10852644920547203,116.53400857638964,3.3758049980388116,0.0673255266123021,86710,0.27616939236627164,-0.12042765318329676,0.11632510816056305,"[-0.76, -0.78, -2.17, -1.43]","['net_sharpe', 'dbl_sharpe', 'tri_sharpe', 'ret_1x', 'ret_2x', 'pos_folds', 'turnover', 'gross_edge', 'short_pnl']",fz9_30,3.0,2.0
-51.446034526027134,-15.876619799282958,0.308607260900756,-0.5345345105057137,-1.1066565432296593,-1.6781512997433992,-2.659536060670211,-0.9184916558755679,0.48212047301232863,0.36077497286506877,-0.2537833492382367,0.29411764705882354,0.11219431910894244,85.64889282486729,0.47577566839311847,0.05050645965695501,86710,0.3095836314052882,-0.2934512320659389,0.12048047261837064,"[-0.35, -0.12, -2.66, -1.49]","['net_sharpe', 'dbl_sharpe', 'tri_sharpe', 'ret_1x', 'ret_2x', 'pos_folds', 'turnover', 'gross_edge', 'short_pnl']",fz9_30,9.0,2.0
-47.161397879030844,-15.732823910276913,0.33359536862396794,-0.44345849311258984,-0.8961225694961752,-1.3484297571636565,-2.1056595464933974,-1.0876481206967972,0.43708590843656414,0.3322991833015707,-0.2334854902576055,0.47058823529411764,0.11295872972578318,68.21624739892461,0.13625835112998183,0.04031928627522319,86710,0.26425271277608353,-0.26057289818710216,0.12098812487953703,"[-0.38, 0.58, -2.11, -1.8]","['net_sharpe', 'dbl_sharpe', 'tri_sharpe', 'ret_1x', 'ret_2x', 'pos_folds', 'turnover', 'gross_edge', 'short_pnl']",fz9_30,21.0,2.0
-39.65811949025666,-13.537769502460963,0.3413618617440236,-0.16749445324022988,-0.5471420828655035,-0.9265921241337068,-1.875553627282735,-0.5854166768483033,0.3338115902611223,0.24363491555497996,-0.19726266091005645,0.5294117647058824,0.11283754752739324,57.13482747679819,4.174834773558923,0.03341524955041272,86710,0.22528901577259922,-0.1308578839238563,0.11213611161319559,"[-0.17, 0.78, -1.0, -1.88]","['net_sharpe', 'dbl_sharpe', 'tri_sharpe', 'ret_1x', 'ret_2x', 'pos_folds', 'turnover', 'gross_edge', 'short_pnl']",fz9_30,45.0,2.0
-29.537501717383176,-11.205051832041118,0.3793500188083547,0.008965908985530865,-0.3110737979823663,-0.6310432136763993,-1.7641824517093652,0.06892237936268993,0.24416857882777376,0.2049167753124188,-0.16751360600062523,0.4117647058823529,0.1135419598591542,48.45422735562093,7.673811433394721,0.02805708643287254,86710,0.21475148545075756,-0.06754810665527167,0.09558225532951634,"[-0.06, 0.41, 0.2, -1.76]","['net_sharpe', 'dbl_sharpe', 'tri_sharpe', 'ret_1x', 'ret_2x', 'pos_folds', 'turnover', 'gross_edge', 'short_pnl']",fz9_30,90.0,2.0
-58.93982573893725,-18.686382365111445,0.31704169686349637,-0.5173339491985404,-1.9777376253264314,-3.4274488962318146,-3.071159492200403,-2.202926091921057,0.5868844470041252,0.2980004989122822,-0.33486743434728333,0.058823529411764705,0.10744163995134316,209.87016113119057,4.8616823690180935,0.11910412763255317,86709,0.47171565917784775,-0.06777993868106805,0.06720942572657301,"[-0.62, -2.07, -2.33, -3.07]","['net_sharpe', 'dbl_sharpe', 'tri_sharpe', 'ret_1x', 'ret_2x', 'pos_folds', 'turnover', 'gross_edge', 'short_pnl']",fz9_30o,0.0,2.0
-51.80207596162249,-16.328157165540606,0.31520275707941325,-0.40205626772082476,-1.2408948465134522,-2.0785043164793873,-2.238801471277231,-1.1420527832050373,0.4967397317109933,0.34071132305033147,-0.2643111494571942,0.23529411764705882,0.10862490992853562,121.55256936980554,3.9054336812948773,0.07006245816806382,86709,0.33752722840984317,-0.1495919146340639,0.06663019886540572,"[-0.61, -0.8, -2.24, -1.48]","['net_sharpe', 'dbl_sharpe', 'tri_sharpe', 'ret_1x', 'ret_2x', 'pos_folds', 'turnover', 'gross_edge', 'short_pnl']",fz9_30o,3.0,2.0
-53.455914978950496,-16.447973839677076,0.3076923076923077,-0.6304524663680301,-1.2227731936538604,-1.814641335350323,-2.7888171173463996,-1.0604101251971891,0.5295015334442468,0.41683535038268105,-0.252279175918796,0.23529411764705882,0.1120929346505121,88.56112374265206,-0.5100690093453162,0.052522866904758464,86709,0.32864516597238563,-0.34652844030797936,0.07702520001379501,"[-0.63, -0.14, -2.79, -1.49]","['net_sharpe', 'dbl_sharpe', 'tri_sharpe', 'ret_1x', 'ret_2x', 'pos_folds', 'turnover', 'gross_edge', 'short_pnl']",fz9_30o,9.0,2.0
-51.277226028770386,-17.092408676256795,0.3333333333333333,-0.6402083896115368,-1.1053335406207563,-1.5699686310786416,-2.41852594870051,-1.1373984898565017,0.5052292808076411,0.40785719091385875,-0.244158042483251,0.35294117647058826,0.11324277866709771,70.29922860943057,-2.854747686941529,0.041814758300543924,86709,0.2270439623425628,-0.3064938471604145,0.07856502589352138,"[-0.43, 0.1, -2.42, -1.84]","['net_sharpe', 'dbl_sharpe', 'tri_sharpe', 'ret_1x', 'ret_2x', 'pos_folds', 'turnover', 'gross_edge', 'short_pnl']",fz9_30o,21.0,2.0
-46.90249024759521,-14.431535460798527,0.3076923076923077,-0.4508011344398012,-0.8356198690899442,-1.220159590726431,-2.1029608250310416,-0.6837737230034456,0.4312057633703331,0.33701922283840624,-0.22317224973920358,0.35294117647058826,0.11335448066974535,58.199191270226684,-1.323061165644197,0.03430637691141964,86709,0.17747746799102163,-0.20796146109267075,0.06648260395383576,"[-0.03, -0.1, -1.27, -2.1]","['net_sharpe', 'dbl_sharpe', 'tri_sharpe', 'ret_1x', 'ret_2x', 'pos_folds', 'turnover', 'gross_edge', 'short_pnl']",fz9_30o,45.0,2.0
-38.73962779734945,-14.366151336704185,0.37083865162192164,-0.20685711416310001,-0.5248466262784293,-0.8427537108295663,-1.8976740480046028,-0.19091376323329973,0.33464399705576264,0.24435922817776046,-0.18936289206627263,0.4117647058823529,0.1126383851116563,47.76501394024803,2.5934544811294353,0.027888760467483738,86709,0.2258853590896472,-0.17684388436434056,0.04507462585204762,"[0.17, -0.43, 0.05, -1.9]","['net_sharpe', 'dbl_sharpe', 'tri_sharpe', 'ret_1x', 'ret_2x', 'pos_folds', 'turnover', 'gross_edge', 'short_pnl']",fz9_30o,90.0,2.0
